radius_mean,texture_mean,perimeter_mean,area_mean,smoothness_mean,compactness_mean,concavity_mean,concave points_mean,symmetry_mean,fractal_dimension_mean,radius_se,texture_se,perimeter_se,area_se,smoothness_se,compactness_se,concavity_se,concave points_se,symmetry_se,fractal_dimension_se,radius_worst,texture_worst,perimeter_worst,area_worst,smoothness_worst,compactness_worst,concavity_worst,concave points_worst,symmetry_worst,fractal_dimension_worst,diagnosis
0.1827720607739551,0.894661824189706,0.3175617559381427,0.021339877979019446,0.6032194754543635,1.7534964470174021,0.9694395535669555,1.0005831155788765,-0.26515501888614534,0.5889061200270175,-0.4575009400602967,-0.46273118531888857,0.3121487355459068,-0.3291153687203594,0.39757227575614246,1.4211890569945853,0.6850973001098126,1.1026913319927236,0.5796301777316051,0.19167693331703564,-0.058655319581245174,0.33217859094895413,0.30977891187340306,-0.18437794848081185,-0.006473478127739153,1.329134469078146,0.8546707705679958,0.8704977910315472,0.1477033969468951,0.17613536245738678,1
0.2346836352465402,-0.06973930198273333,0.19336479790618294,0.1036659203314766,-0.25186270736197935,-0.32594920261411775,-0.17727512973082737,-0.1349342026130788,-0.8970771182002938,-0.49409761262073987,-0.09253314256766489,-0.04757934520124582,-0.1357867008710066,-0.06250896669220521,-0.6732041593656213,-0.5110413695388708,-0.0888334237607908,-0.3527611471501125,-1.0523476544067791,-0.7595013478262956,0.2446529776192597,0.37926732317324047,0.1705301412043682,0.12648503178116827,-0.304097059906719,-0.28407462523970206,0.04892878898858267,-0.037203503271312784,-0.9807479498674772,-0.8087522193452901,1
0.3467033485821179,0.025769022106807777,0.36898087869022783,0.2305290019893614,0.9382720858640322,0.3483903533183389,0.6901364200349146,0.8028736287442217,0.43139547694876806,-0.6643452271320787,0.21034896756954738,-0.7731267299021813,0.08049013835630632,0.1344868849192676,-0.23243712566896677,-0.5918276359403268,-0.13495777804719672,-0.11959787659964434,-0.7653163773975157,-0.4870551400816945,0.5843582704838258,0.03282879323741685,0.49254292337651173,0.44877303655085704,0.9714325762889097,-0.09849540865739763,0.4814948557099739,0.5519798739203297,-0.10847706200957073,-0.20834851320914227,1
1.3658095211228605,-0.7988638249102056,1.3419888938450713,1.332078440810272,-0.6155343949108067,0.2778566260256512,0.36005089858795675,1.1977927048488421,-0.2507931529926416,-1.5513496052583788,2.013578019654853,-1.041267634269938,1.8876136419862466,1.5585943702449756,0.851001095358679,0.27745472376301206,0.3235901856702545,2.5121919256986063,1.2954510359057274,-0.15667286124201008,1.1444675926474246,-1.3445166243229703,1.1220634074427736,1.02684517209014,-0.8228124452929417,-0.3379115993335447,-0.2325898836236095,0.9452672551421618,-0.7277108094258142,-1.2050750413299967,1
-1.4909663877473822,-0.5892114061770666,-1.4674728669861703,-1.1584867814393092,0.5683181618700229,-0.5429332215750432,-1.0824107390905071,-1.2184621740773374,0.6252806665110641,1.198363966933153,0.3564732925055072,1.5035180727107282,0.11451645142439648,-0.25589389638004617,3.0459387926648454,-0.32512229069716364,-0.9774760157592739,-1.8106891487407308,-0.21702806049818774,1.0805189354340112,-1.253690010551234,-0.5053281464687172,-1.2738857528813086,-0.9819128682204068,0.6057807472461628,-0.7850751723953432,-1.2913245593611555,-1.712039499349078,-0.7245674909110109,0.26859189560886887,0
0.9996963116846314,-1.4301505524288793,0.8792167890763041,0.8869779692063314,-1.2130448834747158,-0.7677130735525286,-0.5449638003243067,-0.1741761614411962,-2.1214261856214556,-1.4554959063318273,0.24156331867089087,-0.3151920665663081,0.1126519959138162,0.18744707313253528,-0.8727128399907373,-0.9551445025101628,-0.6321423761993645,-0.6600353709810548,-0.8766142195031484,-0.9094751014838216,0.6975933681053473,-1.241930457691488,0.556365276599819,0.5408553236279109,-1.4087057248521342,-0.9829418865943599,-0.8012388967405953,-0.4647352990558066,-1.7650059193108918,-1.4193035937541623,0
-0.34180806021216437,-0.7452859845672918,-0.36354385467024786,-0.4207914576712258,0.2116267370380629,-0.281587200448454,-0.6838899044058284,-0.6210845842735131,-0.27233595183289727,-0.08636172912719871,-0.9164548057042265,-0.5634380778325832,-0.8967176061265849,-0.6067551432929443,-1.379868697085801,-0.701940423706695,-0.4943683309282819,-0.6799942707162971,-0.2111702793347332,-0.666363613281035,-0.5075515994379921,-0.4683298568639206,-0.5289048298019718,-0.5319033208197673,-0.6187277035016411,-0.3746474169505197,-0.4448979855603789,-0.4577069694294089,0.6144861963951801,-0.3126439926788013,0
1.5570626902323832,0.2074677850088618,1.5081122135056546,1.4859336675017492,0.5543576364362864,0.5098754658042286,0.6236356739558571,1.1388047922154938,-0.0317746981167154,-0.10352955580061128,0.3256019562514312,-0.6185451711136782,0.3415139098375461,0.36297799997575186,-0.6263213304708684,-0.13864988126366587,-0.06337517626504725,0.011914253438775018,-1.1636454965124121,-0.14603902540810237,1.48821699614133,-0.0966652203793716,1.525304639171854,1.2843345303981981,0.4229548327247893,0.48104378305867285,0.6657446181837341,0.7000234128593462,-0.5611149281412408,0.42137067904820746,1
0.19916518955477147,-1.0341404281551727,0.16132672911449897,0.06317770278108784,-1.0315580528361459,-0.33485872606161526,-0.41268777085069064,-0.41337714614507043,-0.44467834255493766,-0.8460380594256919,-0.5775561366039256,-1.393741758067869,-0.5105422584976436,-0.3670300489184942,-1.2484598920085375,-0.4335750866881595,-0.2856107014631849,-0.5111945838081613,-1.0570338793375427,-0.5171232276120542,0.1637707650324587,-1.2755652664231218,0.1183118522034802,0.023489288457945023,-1.0736666070780823,0.1529549291691379,0.1822059014378761,0.003172007348418961,-0.3426542913624144,-0.06515363869404212,0
-1.3710233288344102,-1.2833938593156824,-1.3120289035894819,-1.086687675649953,-1.294713957262073,-0.297364481553397,-0.3583989799606965,-0.6735738285658994,1.9034867310328638,1.0052259168572644,-0.010895608917997289,1.8309915343811336,-0.14604120617919808,-0.362817306674257,0.6224045281930227,0.7660456363142839,0.3140059042600922,0.60294523784673,2.5091832929734705,0.7453697646687821,-1.2860428955859546,-1.105709482328373,-1.2280496992027512,-0.9936789382358081,-1.4197603150324962,-0.5519927433772952,-0.638032888864092,-0.9513349714876859,0.5909113075341555,0.057182139927126396,0
0.07621672369864992,1.3093077190174691,0.13601269945193392,-0.019148339571369324,-0.5157166380595929,0.3613834083459391,0.13757567534165552,-0.24616141075646875,0.21955795501959377,0.11536023428539466,-0.5446267112662446,-0.25709193626994603,-0.1427784090356825,-0.3710421843891963,0.07486784037109209,1.1616770094447024,0.16934315672545538,-0.01284097103904516,0.020797854738059302,0.8513414390135866,-0.030346545175864607,0.9964660633987132,0.1618270930375536,-0.1431114420499841,0.09556889276791176,1.046648699126925,0.5979369644814622,0.0899045857167318,0.4416036780810003,1.0381234062904106,0
-0.6669384476983529,-0.4214894711905557,-0.651886473795403,-0.6494149261057545,0.8056470942435383,-0.11880278245980426,-0.44376175583672295,-0.10868958046688564,-0.7642298586853873,0.5960593811409385,0.08720663740051093,1.2006931511660521,0.1061264016267853,-0.21958407037019223,-0.11369010649758547,-0.40867521005757373,-0.45722924046390306,0.22542806455997338,-0.25217474747891366,-0.5394909512626876,-0.5803455907661131,0.3658133996805874,-0.5628467176525491,-0.5806728284198367,0.13383478185377998,-0.44051853819475056,-0.6525296975866467,-0.20169632431466464,-0.6727027354167571,-0.3560534625121194,0
1.436846412506397,-0.00917304768204921,1.349899528114623,1.364469014850583,0.5403971110025498,0.28342507818033724,0.5849443307825872,0.9288478150459488,-0.125126826424487,-0.8775124083269474,0.6274550218468408,-1.0402112682645497,0.4081681943407914,0.5896636540704201,-0.7768939196218992,-0.4169751689344357,-0.1541263408675212,0.14961518959664943,-0.8028061768436235,-0.4544202645914259,1.8865618931313262,-0.20766008919376178,1.6007310566175812,1.8402387079374498,0.7630960690436241,0.38730411051880553,0.7274729650023543,1.2772436757932901,0.7433622555021137,0.3165114402300632,1
0.23195144711640375,-0.612506119369638,0.251507959787387,0.06992573903948597,0.21441884212481002,0.6101076045885737,-0.14886117458795733,0.3167232470837875,-0.5128972055490781,0.8707446079155354,-0.14055522118511649,-0.6738283253956714,-0.28773982498329975,-0.1357304390325184,-0.9568966057433592,-0.4064618876904105,-0.3796564628004022,-0.25729881275751876,-1.1659886089777938,-0.20250836052609508,0.0788444418163177,-0.9039006299385728,0.05158848292456771,-0.06126052020371395,-0.7760430252991019,-0.2365714128039587,-0.4233865919720719,-0.1897332100569664,-1.1457721718946483,0.09044394148772014,0
-0.1806089605341381,-1.9635994845387554,-0.17645735419535352,-0.28151198929788834,2.327344366520783,0.02170782691010219,-0.2509095922074564,0.4202020429744916,2.1260956523821664,0.5445559011207017,-0.009866564376194677,-0.3715315868536897,-0.12553219556281492,-0.17966332243670644,2.2177895523341746,0.15793531593620025,-0.6294467970527564,-0.5359498082859815,0.6112621960142586,0.8707756907100387,-0.4630663825152513,-2.239202536584418,-0.48045786167337,-0.48995472337355384,0.5675148581602946,-0.7413722169544593,-0.89200762490343,-0.6044046580144345,-0.3080777876995779,-0.675141253754429,0
1.4231854718557166,0.9622164924481617,1.4527377736187932,1.3266800118035533,0.4845550092676053,0.9702008439249253,1.3950443284729233,1.002582705837634,0.600147401197433,-0.3724921736840701,0.3818563912033029,1.0158291002230815,0.5200355249756083,0.3772210808967442,1.263022452944682,0.38646085034579863,0.19510091301526647,0.6013980363168663,0.15904149019558222,0.05857064339605304,1.0676294906899628,0.7946572110089131,1.0727461344974907,0.893837424089951,0.61853604360812,0.2650625105174924,0.32577107169027303,0.6267493380309442,0.02197065635476437,-0.43667104934542383,1
-0.9101031912804606,0.49166328595822767,-0.943788878341856,-0.8178459111153716,-1.4971415760512479,-1.1370870664800234,-1.0824107390905071,-1.2184621740773374,-0.5380304708627092,-0.44688608926885653,-0.3316144911131201,0.13904531575070578,-0.375835347858218,-0.4199902371317618,0.9102034997294257,-0.8020932608208289,-0.9774760157592739,-1.8106891487407308,1.1173744885367152,-0.572492510747229,-0.9524037686653991,-0.1740252804621285,-0.9817534360818958,-0.8194046838047913,-1.34577959613315,-1.1493931429692053,-1.2913245593611555,-1.712039499349078,-0.7041359205647898,-1.0128331034967317,0
-0.5412577937120949,-1.229816018972769,-0.5375778086003827,-0.5438756390244077,-1.0245777901192776,-0.46961526820501287,-0.2555041892092821,-0.5850919596158769,-0.5918874679633469,-0.15217173137527937,-0.5020928702050731,-0.6938992794980512,-0.3842253976558294,-0.4342333180527543,-0.8603932645147437,0.2614081366010789,0.3235901856702545,-0.12888108577882704,-0.15142091146749873,0.3053489715415665,-0.6551616374089042,-1.0956190397088832,-0.5880855573363114,-0.6188699252814294,-1.239485459783514,-0.07506049052243079,0.1471329771091146,-0.3452536954070447,-0.3599425431938322,0.24547776232099797,0
-1.2032669776440572,0.13292470279263455,-1.1969291749675066,-0.9959940683370823,0.4636142211170014,-0.93773647934227,-0.9998409945498011,-1.020077825530352,-1.6546655440825957,0.9007883045940072,-0.2674707146740955,1.440136112387424,-0.36791141193825183,-0.43242785709093834,1.4409718764868096,-0.6034475783679335,-0.8184967478682071,-0.9984083455622583,-0.2920076593904033,0.6885337455565168,-1.1020358619509816,0.0815992658982851,-1.1346369822122737,-0.8981861960818263,-0.006473478127739153,-1.0148007077345989,-1.1955053300949792,-1.3559873112543317,-1.5276853714432452,0.3379342954724801,0
1.1007872724996641,-0.15592974079524624,1.104669865758524,0.9973758423937247,1.3291667980086452,0.8347018414942363,1.0601223891293068,1.4309949187764437,1.0094605791622788,0.07101001537908094,1.4431443286489822,0.6478616083461204,0.9115711821974678,1.1475510912715463,-1.0335517420384295,0.22544164813467735,-0.13375974287092637,-0.3838598979003742,0.7307609317487275,0.49015770465499714,0.85531368264961,-0.2816566684033554,0.7884465610482106,0.7301355803974107,-0.15953703447121434,-0.15993289674095926,-0.06470748583660468,0.26935129958220677,0.18070824135232924,-0.226388812360651,1
0.4204724280957908,-1.884397459684014,0.41248936717276125,0.22594033733365088,0.5962392127374952,0.48945780790371346,0.3576326896396273,0.3339697130655715,-0.09640309463748042,-0.0019532479829207014,-0.8574562519742146,-1.4752580014836743,-0.8288980369292271,-0.556402843135633,-0.30293247422604025,-0.40590855709861967,0.02168532125014297,-0.159825116376102,-1.0254018610548892,-0.5622253589075938,0.1293958246830685,-1.9516249219289528,0.13281693248150467,-0.06569411180372028,0.9501737490189825,0.2720296483414014,0.5811019608036564,0.4592657384231675,-0.5485416540820283,-0.1170194987546298,0
-0.7543684678627063,-0.47972625417198317,-0.7400900459009032,-0.7166253672393997,0.9382720858640322,-0.16093740376359375,-0.8368416203876605,-0.7533074901338574,-0.5954779344367224,0.4315343755207378,-0.4413792422387237,1.2024537611750326,-0.45880361807904074,-0.40574715621076946,-0.0873399033961551,-0.45294165740083725,-0.6306448322290267,-0.33775329231043405,0.2715108885339058,-0.09653668618129056,-0.7259335734223556,0.16064106641762396,-0.7328462585109959,-0.6647405460661099,0.40594777090884826,-0.47978786047496524,-0.9308684250596978,-0.7546912808767697,-0.5061068541321836,-0.16493904337582413,0
-1.2633751165070501,-0.8058522388679767,-1.2720802005282466,-1.036212364437135,-0.7760804373987727,-1.1630731765352242,-0.8826666799585021,-0.8017975539087286,-0.9329817829340522,0.20406067209802606,-0.6784025017005738,-0.6953077675052358,-0.795337837738782,-0.5810774762804509,1.61549919573005,-0.8375064186954398,-0.6222585859951346,-0.3218171165528375,0.3898380680356839,-0.091403110261473,-1.184940129852453,-1.1174816653844448,-1.223698175119344,-0.9496840677434379,0.7928584272215223,-1.012140527838197,-0.9564482778701411,-0.6320693597353618,-0.23420980260170146,-0.11871077680008307,0
-0.6642062595682169,-0.28638013467364354,-0.6870887962949076,-0.6272813671782085,0.2737510752181891,-0.8239544403148559,-0.7577661877772905,-0.3398922041357298,-0.6888300627444949,0.03810501425503963,0.7958753118551889,1.5492939329442255,0.5671130266177604,0.15053542680207593,-0.45282064251729387,-0.8568729894081176,-0.5965008297053235,0.4049034420241691,-0.5567793679785406,-0.37814999378270864,-0.6086543651714937,-0.40610546071039866,-0.6620614667542366,-0.5784560326198335,-0.7675394943911313,-1.1097437949895046,-1.0051294968384619,-0.6413407732850781,-1.4585323641175731,-0.8307388339361913,1
0.09534204060960179,1.9033229054280296,0.1724016170918712,-0.012670224763307182,1.2663444335568326,1.0388784204993844,0.8993114940654041,0.6221606591090063,1.7670490050445817,1.1683202702546813,-0.14741551813046672,-0.3380799966830571,-0.019724345337383875,-0.18166939017205752,-0.4490563277885182,0.933151475035104,0.4424951769150802,-0.1242394811892357,-0.22640051035971473,0.6148302627077082,0.2203883138432198,1.904605899152815,0.4693347949316723,0.08590061636572606,1.5326656162149874,2.550917092925468,1.9943069917572185,0.8480669517983629,2.061984372462084,2.830878134471585,1
-0.39098744655461304,-1.3975379539592803,-0.3987461771697524,-0.4302387084329832,-0.5457317677421257,-0.44641338422715515,-0.5924816061589786,-0.5815926766630511,-0.7534584592652599,-0.17220086249425953,-0.29662697669183397,-0.9958438960382368,-0.26816304212220665,-0.32951658226742964,-0.1455156764772353,0.11864884391905386,-0.037916928769303616,-0.15673071331637461,-0.37401659567876466,0.2210116528588501,-0.44082377405388107,-1.5816420258809856,-0.46073095249525653,-0.46727519711198323,-0.5251888635139613,-0.21630337549804146,-0.4640711841934351,-0.4542675740803205,-0.5375400392802163,-0.07642882566373459,0
0.01884077296579286,-0.2793917207158719,-0.045536357034274874,-0.08204003749963976,-2.0939540383434703,-0.9527713001599217,-0.7831573817347487,-0.8750325471357245,-0.6313825991704808,-0.9647821939167931,-0.6276363043049822,-0.9789420399520222,-0.5874510483090803,-0.42219691164064804,-1.2833653558571856,-0.6510340092619419,-0.6543060269603648,-0.9994913866331631,-1.109753909808632,-0.6718638731951251,-0.030346545175864607,-0.0916199990696264,-0.06155114324402334,-0.12469498463457321,-1.5860043442833263,-0.24227179829624784,-0.5594695383676663,-0.5860113698432232,-0.424380572747299,-0.40171796973937607,0
-0.27077116882862745,-0.8268174807412907,-0.3283415321707439,-0.3406247869214562,-0.7432732026294928,-0.9470172329334131,-1.064745722722961,-1.136953876154732,-0.6421539985906082,-0.5241413092992115,-0.7638131986701842,-1.1470802958096766,-0.8004650903928778,-0.5237039390494109,-1.1249219268187143,-0.9779970559511226,-0.9436914237884519,-1.4415268637152385,-0.8274088577301318,-0.4415863247918822,-0.3963385571311402,-0.9005371490654096,-0.4618913589174987,-0.43641057866578553,-0.8058053834770001,-0.7622736304261863,-1.2389489923635384,-1.3381921787960052,-0.40080568388627447,-0.0020125916637619735,0
1.0270181929859912,0.1492310020274343,0.8633955205372013,0.859715902722403,-0.8193580662433557,-0.6739774622819835,-0.20061084608220572,0.18025121192358334,1.1423078386771852,-1.7673780908988161,0.47206929603465825,-0.019409585057555016,0.20307808817696016,0.24943456615488255,-0.9907754383023412,-0.9469552097516589,-0.29130136855046873,-0.2846842798361073,3.472202516245367,-0.6920314928801224,0.8512695720202694,0.340587293131862,0.6172866137675217,0.6278219280895729,-1.043904248900184,-0.8534797983028138,-0.2396044684893618,0.05999680007248596,3.105566119376768,-1.284001350117847,1
-0.7489040916024343,0.3728602486761152,-0.7341570701987393,-0.7071781164776424,1.0080747130327132,-0.1839536726696287,-0.5273108750015024,-0.6603265431016305,0.11184396081831842,1.0653133102142078,-0.30142918455357914,1.670776023563892,-0.39354767520873085,-0.34075056158539546,1.1808919497713928,-0.46898824456277044,-0.20294627430053527,-0.6493596804249949,-0.2744343159000405,0.06847111124141543,-0.6592057480382446,1.0687809021717243,-0.6785972582711843,-0.6270550174660563,1.0182019962827502,-0.5532594957089151,-0.4706181300681373,-0.7958144861376076,-0.22635150631469328,0.26069926473008376,0
-0.27896773321903534,0.5685358394937116,-0.27494475085127046,-0.35628023104093975,0.09645240220973936,0.02170782691010219,-0.08381135387789757,0.09426883079700767,-0.23284082062576233,-0.11926673025123904,-0.7518076790158212,-1.0787686274612265,-0.7398702862990185,-0.5439652231764565,-1.2214252680473294,-0.6471606951194063,-0.5425892467731609,-0.7503919403250983,-1.0980383474817232,-0.7587679798377504,-0.028324489861194256,0.6870258230676862,-0.07025419141083794,-0.25940796017322615,0.7886066617675362,0.857902601715571,0.4520335992738144,0.6910510771660726,1.236863262326227,0.6931026850178071,1
-0.37186212964366067,-0.8477827226146045,-0.3750142743610979,-0.42268090782357737,-0.3740173049071712,-0.38683094617201647,-0.3768982784154161,-0.44911982202036216,-0.38004994603417164,-0.49695891706630846,-0.9023911969662587,-1.2984927565820146,-0.8046601152916834,-0.6011381536339614,-0.7002387833268291,-0.4191884913015988,0.016294162956926702,-0.5172286697746301,-0.5263189059285779,-0.5501247870965955,-0.4610443272005813,-1.0855285970893929,-0.426498963039119,-0.48944315511201475,0.03604417641211519,0.03831384315754361,0.3341885735291759,-0.24910016456079434,0.15713335249130472,-0.33068429183031,0
2.480542278218364,0.6221136798366249,2.3624607146172245,2.759962913087316,-0.793531094190943,0.2036105972965067,0.5184435847035297,1.2065409122309063,-0.03536516459009085,-1.0119937172686764,0.861734162530551,-0.6495319072717382,0.7838559797227184,1.1282928410121762,-0.6875769974209468,-0.005297208642084145,-0.13226219890058857,0.700418934228147,-0.11041644332331826,-0.01806631140693718,2.3536566708201043,0.4061751701585472,2.2128454443502137,2.5751917770154176,-0.3806288380784566,0.6545888524905888,0.5549141773048479,1.796143756720955,1.0734106995564567,0.4501224058209242,1
-0.21612740622590634,-0.5635872216652387,-0.2725715605704049,-0.2998666479207314,-1.1439402825777223,-0.8644185259722397,-0.8187050532751904,-0.8502876176835997,-0.5775256020698432,-0.8002571882965924,-0.87323493494852,-1.0785925664603282,-0.8787722218372497,-0.5694422834154149,-0.8641575792435194,-0.7213069944193728,-0.5428887555672283,-0.9622038297634465,-0.8895013380627481,-0.6289618458652216,-0.33163278706169913,-0.690319594492701,-0.4108334763388524,-0.3910515261426441,-0.4444053198882381,-0.5532594957089151,-0.653464975568747,-0.6672110078673507,-0.2593563507201274,-0.45471134849693257,0
0.9723744303832705,2.017467000071628,0.9860103517152504,0.8586362169210593,0.29399383709710647,0.5173000686771427,0.9706486580411204,0.8543630779072293,-0.35132621424716504,-0.49266696039795604,-0.07984159321876703,-0.2606131562879074,-0.0225210286032542,0.04702233165796197,-0.7546502416791333,-0.29800909169941464,0.12980799590853614,-0.09329545059196047,-0.9527653746280551,-0.4522201606257899,1.043364826913923,2.1417313007108296,1.0872512147755151,0.9279419748592302,0.3549265854610228,0.767963186170563,1.7010973443687727,1.233877386609134,0.10369693773964986,0.38698135879064405,1
-0.26803898069849097,2.024455414029399,-0.29630346337905994,-0.33765565096776096,-0.631588999159604,-0.64520712614944,-0.7212512326575171,-0.3998799118984569,-0.6565158644841119,-0.6858050104738437,-0.6101425470943391,0.6549040483820431,-0.6443169413817791,-0.47656134726866134,-0.6660177403379584,-0.6538006622208958,-0.5288118422460525,-0.40010551396394356,-0.3822174893076008,-0.8970078456785505,-0.40442677838982055,1.9113328608991413,-0.44796648185059507,-0.44885873969657236,-1.043904248900184,-0.7401054646228394,-0.7946919508658931,-0.5220087085645373,-0.6805610317037653,-1.0968332464209445,0
-1.291243435434438,0.38217813395314426,-1.2760355176630223,-1.0637443523713994,0.6032194754543635,-0.478896021796156,-0.8197932473019386,-0.8425392054309142,-0.3369643483536623,0.9136641745990653,-0.6101425470943391,1.3837965921000424,-0.5879171621867254,-0.5497828196089746,1.2322235142546984,-0.44187504556502144,-0.4641179427274572,-0.36668596091888656,0.2679962198358333,0.16417563374658484,-1.2051606829991532,0.9678764759768246,-1.1862750680020409,-0.9585512509434506,0.9799361071968808,-0.5608600096986341,-0.8511827409847518,-0.7374943041313282,-0.04403903245610391,0.46365263018455594,0
-0.6778672002188968,-0.6288124186044368,-0.6981636842722798,-0.6475254759534028,0.6520813144724397,-0.7903581123149178,-0.6481004119705539,-0.568595339981127,-1.6941606752897307,-0.45117804593720895,0.12322319636359963,2.258819766563437,0.15693281429009803,-0.14515895738866844,-0.11677000036658394,-0.6493740174865695,-0.18018360595139987,0.2115032507911996,-0.8098355142397688,-0.030166883217935626,-0.6147205311155037,-0.054621709464829866,-0.6313106965648246,-0.5902221026352348,-0.19780292355708373,-0.9636872511537387,-0.8021741747226957,-0.670052247503554,-1.8765937265864077,-0.5894498327847632,0
-0.7543684678627063,-0.9269847474693459,-0.7638219487095578,-0.7117667811333531,0.044100431833228565,-0.6429797452875655,-0.6588614417906197,-0.4998594248363354,-0.2759264183062727,-0.5656302237599578,-0.8132073366767057,-0.40709590903509935,-0.8288980369292271,-0.5804756559598456,-0.6112640715557651,-0.5713544040440675,-0.5479804050663771,-0.479786392751927,-0.6434745291976649,-0.8071702670817439,-0.8189481178971769,-0.6365039005220875,-0.8120439968290093,-0.7346548751431323,-0.5421959253299035,-0.5709940283515926,-0.6370976108819917,-0.44454754374594063,-0.3615142024512336,-0.9153027362088882,0
-0.7297787746914819,-0.14428238419896058,-0.7527470607321854,-0.686934007702448,-0.03617258941075445,-0.9058106869887378,-0.7153266207341102,-0.6490788478961191,0.3919003457416342,-0.5055428304030152,-0.3021152142481141,-0.46818907634672885,-0.3441396041783534,-0.3638203405419326,0.4820982519386533,-0.9303552919979351,-0.5734386525621206,-0.46926542234885343,1.3680875223325617,-0.5145564396521455,-0.7138012415343353,-0.5608255808759125,-0.7575048949836374,-0.6592838179430253,-0.29134176354476293,-1.062493933020085,-0.8668954110840368,-0.7675516287037955,0.6286311297117949,-0.762523952769549,0
0.30845271476021313,-0.4890441394490114,0.4283106357118646,0.134436965669772,2.63447592606298,2.3177662653589013,1.8774770136646306,1.8859017026437914,2.1081433200152873,1.9108287738797618,0.8445834201671754,-0.2923041364495595,0.53122225803909,0.35816343741090934,1.1056056551958768,1.1257105209783005,0.5149763050794324,1.4802085052794804,-0.19476849207706126,1.7860189404146467,0.2749838073393106,-0.5288725125808605,0.3445911045406619,0.061345339811844854,1.9025692107117191,1.2372949250357086,0.7798485319999715,1.621183210702117,0.5531914853565162,1.985239111744616,1
1.2128069858352417,1.3372613748485545,1.2826591368234346,1.1458326400784835,0.7428247297917246,1.5808744302221407,1.721502536497387,1.8909006782906848,1.3361930282394803,-0.09065368579555211,1.4328538832309567,0.4242641372055748,1.2364525549160823,1.271726684089776,-0.22969944222985705,0.45396718254427554,0.578771678215825,-0.019029777158500204,-0.05066707545608381,0.28261456389666023,1.3709377878904678,1.3799028829393334,1.525304639171854,1.3252599913213332,0.7375854763197119,1.0814843882464702,1.5767053727494318,1.0514398941792344,0.8455201072332199,0.7855592181692893,1
0.06802015930824148,-0.9759036451737452,0.06323486417205929,-0.06314553597612499,0.2751471277615622,-0.026552091763841948,-0.0562437718669428,0.16425448985352273,-0.31183108304003115,-0.25660934363853655,-0.591276730494626,-0.8549950953197829,-0.3735047784699927,-0.4093580781344013,-0.4151774952295362,-0.14196986481441048,-0.044805631032857784,0.4992827353458585,-0.6985376721341359,-0.462487312465425,-0.10516259181865564,-1.0014415752603094,0.019677306312913624,-0.2147309986654705,-0.006473478127739153,0.11748586388378279,0.15975922986746888,0.679087962908374,-0.3379393135902091,-0.3977716542999835,0
0.3658286654930697,3.305664639620804,0.4480872213857436,0.21973214397592442,0.7358444670748573,1.1205490521014434,1.0347311951718485,0.880857648835767,1.0058701126889034,0.5574317711257619,-0.5868175374801484,0.09326945551720822,-0.47465148991897316,-0.3728476453510122,-0.5387154604193594,0.0013427584594053158,-0.11219510969806132,-0.22944918521997118,-1.2366334498090534,-0.1577729132248281,0.42866001125423264,3.9916457809506656,0.53315714815498,0.24244050439671766,2.4042775342820004,1.9093070369600262,1.3756206065978664,1.2996745150264746,0.9523929367365314,2.0585278270476195,1
-1.2357800163926764,-0.2956980199506717,-1.2384600048826522,-1.018127627264628,-0.882878456966855,-0.9141633652207666,-0.903584187361551,-1.074266721542682,-0.46981160786856774,0.21693654210308425,-0.24483173475443978,0.1531301958225512,-0.30125712743500677,-0.4137714271521736,1.389640312003504,-0.7174336802768373,-0.6686824490756081,-1.2020200668923289,0.753020500169854,-0.29711283104844644,-1.0555285897135707,-0.19925138701085332,-1.067913612933361,-0.8741424877894846,0.2996536345592124,-0.8199108615148885,-0.9916147299971126,-1.3381921787960052,0.23728797461878876,-0.2895298593909311,0
0.4997058838697357,0.9016502381474767,0.4085340500379857,0.36252059120362873,-0.9561712154939707,-0.6838150610885952,-0.6835271730635791,-0.38788237034591144,-1.0155625118216964,-0.8059797971877296,-0.11482910764005312,-0.06694605530003306,-0.21222937680479811,-0.021986398438114143,-0.9890643861528977,-0.9000881086269787,-0.6477168334908783,-0.636208467421153,-0.6915083347379908,-0.2740117394092676,0.5702038832811355,1.3580402572637724,0.4606317467648577,0.43854167132007327,-0.5804618144157723,-0.6324315164351543,-0.6090392714189825,-0.22038869034231828,0.06597711556201047,0.03575928468470954,1
0.2947917741095328,-1.5046936346451065,0.22935818383264248,0.16736738261075498,-0.9729238460144534,-0.7653000776188315,-0.3700063829126774,-0.42937386821513107,-1.6223513458222139,-1.050621327283855,-0.6845767689513891,-1.5180408247019046,-0.65084253566881,-0.43343089095861387,-0.8994052535220565,-0.729053622704444,-0.4260803258808757,-0.6699374607721827,-1.2844329441028408,-0.7822357554712017,0.2042118713258592,-1.6623655668369055,0.1676291251487635,0.06799572721185446,-0.4061394308023693,-0.2302376511458596,0.09382213212939733,-0.16431159225935757,-0.9210248980862147,-0.5155973581332742,0
-1.5281241463172321,0.3751897199953727,-1.4916003015083028,-1.1922269627312998,1.9922917561111142,-0.2580140863269504,-0.719679396841103,-0.9870345965043832,0.06157743019105618,0.7105115589636882,-0.18789127010803294,1.4823907526029603,-0.19964430210838133,-0.4657285814977657,1.714740220397775,0.3366610970846272,-0.07894963355656094,-0.37813525223987826,1.5309338386765932,-0.2718116354436315,-1.3760243570887711,0.2077297986419103,-1.330455565965604,-1.0554081751282036,1.366846763509555,-0.539325220061097,-0.870402703516913,-1.2966203567505037,0.10369693773964986,-0.38142263319392883,0
-0.3855230702943411,-0.6707429023510654,-0.4351350948096897,-0.434557451638358,0.17812147599709544,-0.9501726891544018,-0.6407248746781494,-0.5026088614421271,-0.7929535904723939,-0.8689284949902416,-0.6043112946907914,-0.6194254761181687,-0.6760126850616438,-0.4669322221389764,0.35684923459938656,-1.1024411060448724,-0.5027545771621739,-0.47050318357274457,0.23870731401856152,-0.6905647569030318,-0.5884338120247932,-1.0165772391895445,-0.6455256752372884,-0.5762392368198304,-0.09150878720744784,-1.1675710389279497,-0.8054476476600467,-0.8324515235518088,-0.8220103648699119,-1.1154373049209376,0
-0.0904467522396488,-0.5682461643037527,-0.055820181584692125,-0.22833746358171128,0.47757474655073706,0.8940986644775523,0.11472360077994304,0.18175090461765145,1.059727109789541,0.9379852623863999,-0.5374233994736269,-0.05462178523716853,-0.46066807358962103,-0.3794676688776707,-0.32825604603780467,0.4893803404188865,0.1933038602508611,0.4095450466137605,-0.13033289927906308,0.28261456389666023,-0.1253831449653559,0.18923065383951201,-0.10216536802249161,-0.24337882131166497,0.6057807472461628,1.1530558949829903,0.8766498031473532,0.7613343734300501,1.1378487291099237,1.2410767717448827,1
-0.8554594286777395,-0.5239862092378675,-0.8354131888489996,-0.8016506240952161,1.6502588829845783,0.066255444147589,-0.5911515912373975,-0.15168077103017338,0.5139762058364123,2.4544766185378166,-0.8063470397313555,-0.34336182670999893,-0.7473281083413397,-0.5878981065806445,1.9508654170209827,-0.11375000463307995,-0.4383601864376461,0.17746481713419698,0.19887440210707186,1.658779594402027,-0.9463376027213891,-0.8517666764045413,-0.9237331149697979,-0.8214509568509479,1.4646373689512198,-0.328410956846396,-0.7039699866021636,-0.2893261362523049,-0.1980616396814635,1.8555744615931475,0
0.781121261273748,-0.0674098306634767,0.8317529834589951,0.624884240930148,1.2803049589905682,0.9961869539801262,1.2269788065640328,1.5059795534798526,1.1494887716239373,0.0924697987208459,-0.4015895199556924,-0.9613359398622154,-0.3581230205077054,-0.1931039762635584,-0.47472211003017134,-0.30188240584195025,-0.06247664988284448,0.33063776859070887,-1.0230587485895075,-0.5328906393657795,0.6510860958679365,-0.15384439522314833,0.7420303041585325,0.5050455453201678,1.6389597525646231,0.8769038866898684,1.0552878977285116,2.0907354453167764,0.3190142560036734,0.37908872791185894,1
-0.6778672002188968,-0.9130079195538036,-0.6859022011544748,-0.6564328838144884,1.343127323442382,-0.5702186371330038,-0.5980434867401362,-0.4061286314570743,0.7114518618720838,0.35141785104481515,-0.23454128933641444,-0.8548190343188846,-0.2639680172234011,-0.3425560225472114,0.8954884512442108,-0.8059665749633644,-0.48298699675371415,-0.0762762337634593,-0.11393111202139115,-0.2527440677414522,-0.6693160246115946,-1.2856557090426117,-0.6893310176769225,-0.6418904970506929,0.6057807472461628,-0.9085835247282763,-0.7830009760896393,-0.5360653678173328,-0.22163652854248803,-0.3284292544363715,0
-0.6532775070476725,-0.6497776604777515,-0.5292716426173538,-0.6248520741251852,0.9312918231471639,1.2337742459133894,0.9234935835486978,0.6349080470085857,3.1134739325605216,1.5889320237532816,-0.31995198630602484,0.3538397368463478,-0.29846044416913625,-0.33874449385004446,-0.5106542051684853,0.5972798058180916,0.4149403678608635,1.0408032707981731,4.1915380431175615,0.31011586346711134,-0.5318162632140324,0.0967349298275201,-0.46392207015642195,-0.5134868634043565,0.28689833819725635,0.9769773208878345,0.814921456328733,1.0768615119768434,4.507486176979024,1.0775865606843353,1
1.037946945506535,0.30064663777914546,1.0057869373891293,0.8858982834049878,0.5473773737194181,0.4987385614948565,0.36972373438127415,0.987085881332263,0.6504139318246942,-0.2737771703119491,0.13968790903244005,-0.6192494151172706,0.06510838039401902,0.1645779009495333,0.1066934103507416,0.12086216628621714,-0.2260084514437382,0.4791691154576297,-0.7453999214417709,-0.16620664509309974,0.9523723377537711,-0.0663938925209016,0.8754770427163575,0.7778819514744016,0.6993195872338426,0.7508620296936955,0.25235175009539906,1.239858943737983,0.24200295239099312,0.0645110114574263,1
-1.5226597700569602,-1.765594422401902,-1.5042573163395851,-1.1849390835722298,0.12297740053383753,-0.9431193164251329,-0.8332143069651665,-1.0235271187267088,-0.4590402084484404,1.325692014760961,-0.8818103061302079,-1.1363405747548945,-0.874111083060799,-0.6676994810929092,1.0919172380003286,-0.8292064598185779,-0.38414909471141573,-0.9222860302929616,0.046572091857258247,-0.3671494739545282,-1.3877522779138571,-1.7498160695391523,-1.39311751276667,-1.0537029475897397,1.7665127161841863,-0.8300448801678469,-0.7451222178145769,-1.051226975539467,0.49346843357525455,0.35935715071489693,0
-0.7871547254243385,-0.0767277159405049,-0.8136589446077329,-0.7271523038025007,-1.0029389756969862,-1.0491055224359869,-0.6339538896228272,-0.6610763894486645,-1.0586481095022058,-0.8488993638712605,-0.481168964521755,-0.49671095849221575,-0.5082116891094183,-0.4705431440626083,0.8085670020524797,-0.9030207607634699,-0.35958937359787496,-0.42362297721787256,0.15552682149750935,-0.6025605982775887,-0.816926062582507,-0.33042714106422366,-0.8680336067021839,-0.7266403057123517,-0.11701937993136,-1.0353854331234207,-0.6160538562847347,-0.6710990200011026,-0.7952921574940844,-0.9852088954209847,0
-0.8855134981092362,0.4613801588078856,-0.8097036274729568,-0.7892342373797635,1.8806075526412254,0.3391095997271958,0.17989433193741938,0.19849747303474605,0.302138683907238,0.8721752601383193,-0.6049973243853265,0.35736095686430913,-0.5124067140082239,-0.49421474333975063,0.39175469844803457,-0.4368950702389043,-0.20025069515392713,-0.2062411622720147,-0.8121786267051505,-0.2747451073978129,-0.7138012415343353,1.6035743610046962,-0.6005599263754127,-0.6459830431430064,2.514823436085621,0.09405094574881578,0.5899871016336093,0.4173948385212234,0.09112366368043644,0.6863375728359917,1
0.057091406787697564,1.775201982868889,-0.004796590546084215,-0.046950248955969484,-1.801481030506697,-0.9522144549444532,-0.6621260238708643,-0.7843011391445998,-0.3728690130874207,-1.183671984002799,-0.6224910815959696,-0.552522295776903,-0.5566875323845056,-0.4229993387347884,-0.5349511456905837,-0.48392817054112186,-0.3871441826520915,-0.8251217742175176,-0.7453999214417709,-0.6956983328228493,-0.19615508097880696,1.038509574313255,-0.2182060102466874,-0.26980984815785636,-1.2777513488693828,-0.6900687475238564,-0.6029599645353305,-0.8801544416543808,-0.8817334166511743,-1.0849943001027667,0
-0.27077116882862745,-0.4517725983408978,-0.32596834188987833,-0.3290181645570112,-1.6479152507355985,-1.0819593901486335,-0.5581430390927017,-0.942268769586448,-1.1627716372301058,-0.89468023500036,-0.8574562519742146,0.6619464884179658,-0.9547487838933961,-0.5626216531152213,-0.22525070664130387,-0.5447945356381093,-0.055288438825222753,-0.9778305652150705,-0.10338710592717333,-0.56442546287323,-0.4913751569206319,0.33890555269528067,-0.5698091561860007,-0.4959230197581777,-0.9206030507346065,-0.6596666915649806,-0.21669015792790425,-0.9688310260895695,-0.2184932100276851,-0.6711949383150365,0
1.0160894404654472,0.3845076052724009,1.2668378682843318,0.8921064767627139,1.9015483407918292,2.859762275081658,2.7734234290206596,1.7759242384121245,1.0848603751031711,1.2226850547204875,-0.03422061853218795,-0.7928455620027649,0.09400744080801354,-0.0019257210846036722,0.082054259398755,0.6443129061203089,0.8689956996673014,-0.18458034085392216,-0.5380344682554865,0.4802572368096347,0.8957547889430106,0.33217859094895413,1.2090938891109204,0.7011467122435233,2.361759879742146,2.1328888234909256,2.933326085785925,1.22490505091586,0.5327599150102954,2.0247022661385414,1
0.11719954565069012,1.0833490010495308,0.08696676698071379,-0.002143288200205857,-0.42008703883850024,-0.3242786669677121,-0.7073465312046233,-0.47936362468407034,-0.45185927550168853,-0.5641995715371739,-0.140212206337849,-0.20075241598256438,-0.29939267192442653,-0.15739597057430982,-0.7019498354762725,-0.4070152182822012,-0.6417266576095269,-0.47916751213998143,0.04071431069380412,-0.3286476545558968,-0.05258915363723485,0.5558500690143158,-0.14568060885656503,-0.15197862524999659,-0.8610783343788105,-0.4962556407860229,-0.86161109048517,-0.6733421039244212,-0.6035497280910854,-0.6441344895877738,0
-0.7325109628216179,1.0623837591762169,-0.7060743185418314,-0.7017796874709239,-0.21975349886438597,-0.026552091763841948,0.2621134361806175,-0.1924224225523589,-1.5182278180943138,0.4429795933030122,-0.5974509977454412,2.9560213301197837,-0.45926973195668586,-0.49421474333975063,0.4382953169128989,0.23706159056228396,0.7411054446004485,0.14961518959664943,-0.6587047602226462,0.3478843148771973,-0.7865952328624564,1.9096511204625588,-0.7438701195222944,-0.713851099173872,-0.08300525629947675,-0.02059014026277848,0.4062049781508993,-0.26854022522955406,-1.2479300236257544,0.19361190226041028,0
-0.4702209023285579,-0.17922445398781675,-0.446209982787062,-0.49016127040755864,0.2716569964031285,0.04212548481061705,-0.11452260752168046,-0.26340787673825267,0.4098526781085134,0.16114110541449417,-0.057888642993646273,-0.31871328658426945,-0.19777984659780104,-0.22700652099099114,0.011558910841681239,-0.35555547324565745,-0.16850276298276465,-0.2062411622720147,-0.31426722781153016,-0.07453564652492972,-0.2831034595096183,-0.19588790613769005,-0.34440020866550053,-0.3664962495887631,0.4612207218106587,-0.10862942731035617,-0.042260814266197225,-0.1942193779036032,0.16970662655051813,0.2037595705331339,0
0.1417892388219149,0.5172874704700556,0.12572887490151666,-0.017798732319689696,1.2523839081230959,0.6119637553068026,0.48096134600442475,0.8118717849086308,0.7760802583928488,0.7119422111864719,0.03301029153224406,-0.13208862563231824,-0.08684474371827415,-0.030411882926588432,-1.1156822452117192,0.166788605404853,-0.2071393974174813,0.15735119724596816,-0.2732627596673497,0.11687339848540891,0.30329258174469115,0.8232467984308012,0.2256494462608614,0.15803174124275154,0.2146183254795037,1.1023858017181971,0.3860965015357429,1.0305044442282625,1.2447215586132352,1.438392543714509,1
0.16091455573286678,1.0647132304954743,0.19890224189486908,0.012972313018605705,1.4966931032134796,0.8235649371848648,0.44952462967614315,1.0383253817129257,0.5103857393630369,0.5631543800168991,-0.1896063443443705,0.09855128554415005,-0.21968719884711924,-0.12770616809111424,-0.07399369663049554,-0.13477656712113026,-0.28411315749284705,0.02119746261795745,-0.17602359235400725,-0.2072752524516399,0.1900574841231689,1.2756349758712704,0.1937382696492073,0.05503599791952831,1.4051126525954243,0.5488150328003334,0.12281574957450672,0.7015188021415584,0.6522060185728195,0.29452482563916194,1
0.059823594917833546,0.08400580508823526,0.1447143971484406,-0.03372409788950922,-0.5715587397945383,1.1892266286759023,0.5643895547217875,0.4316996869623477,-0.3477357477737896,1.3328452758748819,1.6057333662537825,0.9594895799356997,0.6705903074549664,0.7122343927003691,0.288407148621645,4.474467262496192,2.005631573153733,2.47660629051174,2.3744543262140207,6.9929316590866994,-0.12133903433601592,-0.6180047557196893,-0.18049280152382385,-0.21404890765008494,-1.3572593628589102,-0.04909206772422441,-0.25316599922981614,-0.18524704221032962,-0.9964645424414931,0.2313837786088818,0
-0.5057393480203266,-1.0294814855166585,-0.5569588625607839,-0.5247112160505569,-0.6239107101710492,-1.073235481772959,-0.8274106054891761,-0.7050673751413311,-0.8611724534665353,-0.7902426227371018,-0.1017945434438878,-0.5585083698074372,-0.1488378894450686,-0.2298150158204826,0.2678745228283226,-0.9431372286683024,-0.5860180219129586,-0.21707157298106108,1.0775415766252256,-0.8643729701882821,-0.6450513608355543,-1.5059637062348101,-0.6907815257047248,-0.6134131971583446,-1.1459466197958343,-1.187649063384124,-1.0611994118653754,-0.9952994163847272,-0.9556014017490507,-1.3612363808602435,0
-0.19973427744508998,-0.14428238419896058,-0.1950473447287997,-0.30337562677509833,0.819607619677274,0.1906175422689063,-0.5744659494939249,-0.43062361212685457,-0.3154215495134066,0.08102458093857152,-0.7312267881797705,-1.0884519825106203,-0.6890638736357058,-0.51226935295791,-0.8576555810756341,-0.6145141902037494,-0.5255172455113093,-0.6705563413841283,-0.8156932954032232,-0.7342001522214807,-0.20626535755215727,-0.10843740343544332,-0.17469076941261397,-0.2950472157271231,1.3030702816997735,0.36386919238383886,-0.05021067711404972,0.4218810063678602,0.961822892280941,0.15584002591193957,0
1.3193623229105473,1.2161288662471854,1.1719102570497126,1.1134420660381725,-0.38169559389572605,0.3168357911084523,0.692554628983244,0.848864204695646,0.5103857393630369,-0.9032641483370658,0.46829613271471565,-0.9884493340005179,0.06231169712814869,0.32185361140105534,-1.0427914236454245,-0.3937352840792223,0.13370161023141452,0.04595268709577763,-0.10104399346179127,-0.165839961098827,1.6560475872589424,0.7744763257699329,1.3048274189458822,1.2451142970135272,-0.29134176354476293,0.4158060379802516,1.3999378341324742,1.2129419366581617,1.6502096470228562,0.5070621000178741,1
-0.5166681005408705,-0.8081817101872338,-0.535600150032995,-0.539286974368697,-1.0441225257265085,-0.575415859144044,-0.617630979221604,-0.8050468880792097,-0.5164876720224545,-1.1250152428686413,-0.5995090868290464,-0.68580047345674,-0.5753320874903085,-0.46713282891251146,-0.31593647056181134,-0.18900296511662806,-0.34341589871822603,-0.8153744045793759,-0.029579063267648163,-0.7569345598663868,-0.6106764204861638,-1.0451668266114331,-0.6170957178923604,-0.5902221026352348,-0.9418618780045337,-0.5697272760199728,-0.625874275096788,-0.9920095599638602,-0.6664160983871503,-1.1740682771633406,0
0.21829050646572384,0.6384199790714247,0.2040441541700774,0.08153236140393093,-0.7404810975427457,-0.019127488890927524,-0.25308598026095286,-0.24966069370929433,0.4780715411026539,-0.49695891706630846,-0.32372514962596743,0.1953848360380874,-0.28494314171742924,-0.2627145266802397,-0.8453360055996407,0.1407820675906857,0.014497110192521142,0.03976388097632259,-0.1689942549578619,0.08277178701804994,0.0788444418163177,0.9661947355402433,0.06609356320259219,-0.04386719931138146,-1.0226454216302567,0.5038453250278296,0.1649032587690205,0.24392968178459773,0.4038838559033618,0.48620300412394163,0
-0.6696706358284888,-1.0900477398173432,-0.6352741418293446,-0.6410473611453408,-1.0308600265644585,-0.12845476619459292,-0.26916706976734306,-0.5588473374696837,-1.1196860395495953,0.7119422111864719,-0.7566098868775665,-1.0270066931971946,-0.7347430336449228,-0.5730532053390468,0.02148301330845387,0.7538723632948865,0.22565081001015871,0.55343478889109,0.24573665141470646,1.1120537589414619,-0.7926613988064667,-1.3798331734911848,-0.7737505848950249,-0.7145331901892575,-1.0396524834461984,0.15422168150075757,-0.03337567343624426,-0.1329084173328994,-0.4746736689841509,0.8402438749722999,0
-0.7051890815202576,-0.7802280543561488,-0.6688943374749392,-0.6890933793051355,0.910351034996559,0.24630206381576486,-0.22430929377583336,-0.09444249987323793,0.269824485646855,0.08531653760692491,-0.5741259881312505,-0.8646784503691765,-0.5846543650432099,-0.5158802748815419,-0.35426403870934625,-0.30354239761732277,-0.1894683785674946,0.20686164620160824,-0.23694451645393255,-0.6626967733383082,-0.7542423478277358,-1.0317129031187793,-0.7540236757169114,-0.7112932578661761,0.4144513018168182,-0.24037166979881813,-0.2148196019637037,-0.05963434250449716,-0.18706002487965243,-0.5420940475120525,0
0.8057109544449723,-0.6917081442243793,0.9345912289631654,0.672660337639607,1.5944167812496328,2.3029170596130726,1.6126831338225658,2.2833202665718586,4.413222795922577,1.649019417110225,2.171364849397908,-0.4384347671949554,2.029778374667993,1.4001150191522433,0.3797773334019297,0.6891326840553637,0.14029080370090102,1.897952918342695,0.3019713505838684,1.3401312033790687,1.1889528095701651,-0.7407718075901512,1.2903223386678577,0.9688674357823653,0.9671808108349247,0.8864045291770167,0.5104884731550833,2.101203170292262,1.823092165337036,1.2410767717448827,1
0.1827720607739551,-0.5659166929844953,0.0996237818119966,0.027548071336745906,-0.45498835242284075,-0.6086409570003363,-0.6778443820350052,-0.49935952727164606,-0.8539915205197834,-0.7973958838510238,-0.3779214954942341,-0.9801744669583087,-0.6102906283136887,-0.35479303573285276,-0.3980669737351009,-0.49167479882619286,-0.5398936676265527,-0.5294515618605536,-0.5848967175631214,-0.5944935504035898,-0.012148047343834342,-0.8854014851361746,-0.16308670519019464,-0.19665558675775247,-0.42314649261831094,-0.6330648926009641,-0.720804990279969,-0.5200647024976612,-0.5988347503188802,-0.8803496566028405,0
0.6827624885888508,0.19349095709331868,0.58256800396812,0.5239336185045121,-1.4510718421199187,-0.6015875842710674,-0.6412085164678153,-0.641830333208123,0.1262058267118212,-1.33818242406351,-0.5682947357277028,-1.1569397118599685,-0.5343140662575423,-0.374251892765758,-1.4551549916613162,-0.612854198428377,-0.5512750018011203,-0.9911364983718989,-0.10455866215986415,-0.7661016597232039,0.5681818279664651,0.1270062576859901,0.5621673087110289,0.32599665378145176,-1.3117654725012662,0.23466045455861645,-0.13298277852992688,-0.40551788348019985,2.7833759716094333,-0.43159721520906164,1
-1.2155618242296693,-0.05809194538644767,-1.204048745810103,-1.0089502979532068,0.819607619677274,-0.3749515815753533,-0.9743893453686346,-0.7268129192053198,2.6108086262879056,1.099648963561033,0.972527958197957,0.9189955497291444,0.7857204352332989,0.03839624039595248,2.1048601104709013,-0.3699420686322181,-0.7971417708511894,-0.18303313932405849,1.2298438868750388,0.1597754258153124,-1.0433962578255505,-0.4431037503151952,-1.0481867037552477,-0.8729488285125597,0.34217128909906674,-0.7584733734313269,-1.1938218297271987,-1.025805357741858,0.4557486113976152,-0.2139861066939889,0
0.06255578304796952,-0.6590955457547798,0.07035443501465598,-0.06017640002242976,0.12227937426215099,0.19247369298713496,-0.11428078662684746,-0.16292846623568488,0.3631766139546276,0.21693654210308425,-0.21910562120937643,-0.8000640630395859,-0.11387934862168819,-0.18989426788699673,-0.8015330705738861,0.2763480625794305,0.17263775346019863,0.11248235287991916,-0.20765561063666071,-0.15263933730501053,0.06064594398428743,-0.7222726627877523,0.100905755869851,-0.05239333700370127,-0.10001231811541896,0.5203131053388873,0.4646598520321685,0.4024409456991005,0.23100133758918204,0.211652201411919,0
-0.8117444185955628,0.11428893223857732,-0.8081215006190468,-0.7455069624253438,0.6730221026230436,-0.6633974031880804,-1.0218829691138234,-1.028926012425354,0.4637096752091511,-0.3324339114461078,-0.3957582675521448,1.3045691416959118,-0.44854911277084913,-0.4410539483529478,2.043262233090934,-0.8020932608208289,-0.8787279663551957,-1.0421941488574027,2.5689326608407055,-0.6696637692294891,-0.887697998595958,-0.004169496367379678,-0.8996546817082773,-0.7788202683893489,0.4527171909026876,-1.0023865348847243,-1.2288947540559603,-1.4096717864857529,0.6066279001081719,-1.0522962578906574,0
1.3876670261639483,1.65406947426752,1.4052739680014843,1.3455745133270682,-0.12202982082823267,1.2690411095597327,0.9210753746003684,0.6793989302659418,0.15133909202545232,0.0009080564626469007,0.48990606809256876,-1.0895083485160086,0.2827835612542672,0.5328919371599855,-0.6516449022826325,0.42298066940399115,0.0699062370950219,-0.3187227134931099,-0.5942691674246485,0.03913639169960098,1.573143319357471,0.8568816071624344,1.5514137836722983,1.5691075293216799,0.8141172544914496,2.5591509830809973,1.5570645351253254,0.9572303693998601,1.2038584179207927,1.6018827547750565,1
-0.2079308418354984,0.060711091895663934,-0.2583324188852121,-0.2647768593770612,-0.36843309473367597,-0.7545344034531054,-0.37411733812483733,-0.3591382603762714,-0.7642298586853873,-0.8431767549801223,0.1945702845952419,-0.13737045565926007,0.10286360448326975,0.03598895911353113,-0.3135409975525904,-0.8247798150842515,-0.33323259971992863,-0.3496667440903851,-0.6212149607765385,-0.7044987486853935,0.3255351902060614,0.6836623421945229,0.2517585907613052,0.1718440843043097,0.3549265854610228,-0.6355983972642039,-0.054887067024551255,0.022612068017178875,-0.03460907691169428,-0.5736645710271929,1
-1.493152138251491,-0.8244880094220336,-1.4449275593179483,-1.1676641107507306,1.343127323442382,-0.39945277105597105,-0.5828087703656611,-0.7375607168461417,-0.5811160685432195,1.9637629061227824,-0.8454507323198517,-1.1243684266938259,-0.7305480087461171,-0.6547804048772484,0.45917015313610954,-0.1884496345248373,-0.001376855893059993,-0.2015995576824236,-0.4009623890306544,0.006134832215059716,-1.3632854086063497,-1.0401216053016877,-1.2602509774199655,-1.037503285974332,1.728246827098317,-0.11749669363169503,-0.14280319734198005,-0.1418807530261732,0.031400611899174875,1.0042978453813316,0
0.32211365541089304,0.7898356148231367,0.309651121668591,0.1746552617698251,-0.26233310143728134,0.001290169009587333,0.2742044809222643,0.6519045642080251,-0.3369643483536623,-0.23371890807398682,-0.3432769959202155,-0.675588935404652,-0.39447990296402086,-0.244058096741475,1.0138932599857036,-0.06063026782116369,0.37959833016089034,0.9170271484090728,0.4929350165124805,-0.6040273342546795,0.012116616432206248,0.005920946252110121,-0.012233870298740051,-0.10559643620377696,-0.2573276399128791,-0.3499457464839331,0.0395760091675796,0.4951550811962626,-0.5501133133394297,-0.8797858972543561,1
-1.0767666672187588,-0.7429565132480352,-1.0224996893238945,-0.9158273975873126,0.7218839416411207,0.14050147287673373,-0.26916706976734306,-0.2274152520806165,-0.2436122200458897,1.4573120192571203,-0.15530485961761936,0.4330671872504784,-0.617282336478365,-0.3796682756512058,1.221957201358037,0.946984739829874,0.22175719568728033,0.5781900133689101,0.7834809622198167,1.3958671705085162,-1.0292418706228605,-0.8736293020801028,-1.0557293454998207,-0.8567491668971521,0.35917835091500777,-0.12003019829493475,-0.4037457543479654,-0.2549321827614223,-0.4683870319545451,0.740458470290517,0
-0.6833315764791693,1.1811867964583294,-0.6329009515484791,-0.6939519654111821,1.943429917093038,0.9590639396155539,-0.5365000690051539,-0.08594424127351824,1.1494887716239373,1.6375741993279507,-0.4022755496502274,1.32569646180368,-0.3557924511194801,-0.4143732474727789,2.039840128792047,0.5209201841509619,-0.418892114823254,0.9216687529986639,-0.5743527114689037,0.7461031326573275,-0.6854924671289547,1.0738261234814697,-0.6324711029870663,-0.6908305274046086,1.9153245070736764,0.4443079654416977,-0.6389681668461922,0.24392968178459773,-0.16191347676122647,0.8915459756844023,0
3.6144003522248207,1.607480047882378,3.738911077519199,4.9598227333251055,0.8824299841290867,1.7683456527632309,3.3126840244981066,3.003172759724584,0.898156118487628,-0.9118480616737715,7.32001770688325,0.14256653576866712,7.33135761900303,10.042254823044555,0.25007958047410983,1.5606283661258658,1.4350673204550104,2.20894042584531,-0.4138495075902543,0.28188119590811506,3.9773670885001398,0.9359234076817733,4.156526201605493,5.73156795071221,0.1678489054856632,1.08085101208066,1.904052666484539,2.213357366458184,-0.41652227646029083,-0.5420940475120525,1
-1.3376906336467504,-1.2740759740386538,-1.281968493365186,-1.0950552406103669,2.8857653838702313,0.35210265475479596,-0.6795371282988356,-0.6133361720208276,1.3864595588667425,2.0538939961581977,-0.20298392338780347,-0.16730082581193176,-0.24858625926111377,-0.44085334157941275,2.9227430379049104,-0.007510531009247427,-0.3194551951928204,0.6338892684440055,2.280729827598751,0.04096981167096431,-1.1728077979644327,-1.339471403013225,-1.162776837951641,-0.9655426838511527,2.2639692743004813,-0.28660812990294177,-0.8238726239074228,-0.6260878026065126,1.2180033512374069,0.33455173938157196,0
-0.29536086199985173,-0.8873837350419752,-0.20414457413878415,-0.35978920989530666,3.0742324772256704,1.354424042598249,1.4216446269045464,1.1812960852140921,0.4098526781085134,2.04817138726706,-0.07606842989882445,-0.5303386096637466,-0.2383317539529221,-0.13934136095615043,0.08308089068842096,0.19832844913692835,0.6617356141725421,0.3368265747101639,-0.589582942493885,1.2132585413607215,-0.012148047343834342,-0.5725977639319842,-0.044145046910393726,-0.11190577809609349,2.314990459748307,0.9814109540485038,1.690341647574619,1.2578036151245304,0.3787373077849349,3.1916841175017594,1
-0.3554690008628443,-1.4557747369407077,-0.4145674457088558,-0.39838797729334413,-1.8294020813741694,-1.2295233722478087,-0.8091531279292895,-0.925772149951698,-1.7013416082364816,-0.971935455030715,-0.8910717070064307,-1.3310640417481572,-0.8419492255032891,-0.5802750491863106,-0.7488326643710254,-0.6687405881992473,-0.4826874879596466,-0.8970666453561824,-0.5052308937401422,-0.6263950579053128,-0.5560809269900729,-1.726271703427009,-0.5953380974753236,-0.5385537082197768,-1.513299155020176,-0.8883154874223591,-0.7367047159756743,-0.909613610513963,-0.9383131499176329,-0.8307388339361913,0
3.0133189635948914,1.2906719484634126,3.1297922387637276,3.278212097732292,0.7358444670748573,3.024959689004005,2.9547891001453612,3.39309286018231,0.06516789666443262,0.7462778645332971,1.6613017715111191,0.4383490172774202,2.0791864456983706,1.5726368443924335,0.4266601622966825,1.737140824907129,0.7387093742479078,1.3301299568826956,-1.154273046650885,0.7714043282621423,2.7560456784394405,1.3143150059126483,3.0106248596415597,2.8463229556311873,1.0862302435465168,2.233595633854702,1.7371055466796341,2.575241572753558,-0.866016824077158,1.1959760238661115,1
-0.16421583175332174,-0.35626427425135665,-0.24251115034610926,-0.2461522793038824,-1.1362619935891676,-1.1695697040490243,-0.8409525755998205,-0.9090255815346033,-0.8539915205197834,-1.0592052406205608,-0.5315921470700791,-0.10391886548862744,-0.5771965430008887,-0.38889618723382063,-1.087620989960845,-1.1211436800474013,-0.6584991500773107,-1.0302806970774518,-0.8274088577301318,-0.976578272435722,-0.1759345278321067,0.04964619760323378,-0.2614311494752006,-0.26213632423476857,-1.1374430888878637,-1.1320386360260135,-0.7956272288479935,-0.9366801565220055,-0.8974500092251902,-1.1983099291481805,0
-0.2243239706163148,-0.6940376155436359,-0.24804859433479537,-0.29689751196703623,-1.7177178779042794,-0.562051573972798,-0.10400339859644762,-0.5186055835121877,-1.3961519579995356,-0.6257176171169012,-0.854369118348807,-0.149694725722125,-0.7916089267176214,-0.5405549080263597,-0.3422866736632417,0.39642080099803295,0.5071890764336756,-0.20469396074215102,-0.9867405053760904,0.10513951066868318,-0.42666938685119077,-0.5137368486516256,-0.4621814605230593,-0.44459567085041246,-1.2437372252374996,-0.011722873941439622,0.25562522303275004,-0.3694790017788837,-1.3485162160994588,-0.4287784184666387,0
-0.2489136637875391,-1.3160064577852815,-0.2603100774525998,-0.32847832165633956,-0.8465810908391413,-0.33003273419422063,-0.4685483975570989,-0.5026088614421271,-0.6960109956912458,-0.9533369761345186,-0.7878242379789099,-1.2222583431931513,-0.6196129058665902,-0.5285185016142535,-0.9062494621198307,-0.2659159173755487,-0.13046514613618312,-0.5005188932521014,-0.6903367785053,-0.43131917295224725,-0.4307134974805307,-1.4185132035325634,-0.32873472196523396,-0.4589195821735097,-0.6442382962255538,0.08581705559328712,0.04892878898858267,-0.34031891077574394,-0.2672146470071356,-0.6024162977999097,0
0.5762071515135451,-0.854771136572376,0.48764039273350146,0.42190331027753225,-0.10388113776437491,-0.6758336130002122,-0.41425960666710476,-0.07794588023848811,-0.35850714719391696,-0.8632058860991034,-0.7075587637183123,-1.328247065733788,-0.827499695296292,-0.4199902371317618,0.16247371042260111,-0.7473135322335401,-0.23768929441237355,0.40335624049430546,-0.8274088577301318,-0.44745326870024504,0.19207953943783926,-1.352925326505878,0.05448949898017244,0.06032220328876663,0.15509360912370715,-0.7527729879390377,-0.38083144378650785,0.31720375661299977,-0.9524580832342474,-0.6531546391635278,0
-0.5057393480203266,0.6640441635832527,-0.4952559152582821,-0.5371276027660096,0.3798510685145838,-0.03768899607321345,-0.43312163646407376,-0.5131067103006044,-0.9329817829340522,0.7162341678548254,-0.4050196684283675,0.7587800389119027,-0.4504135682814294,-0.40233684106067263,1.512836066763438,0.34385439477790747,-0.041511034298114535,-0.05461541234536651,-0.20062627324051538,0.571561551383532,-0.5641691482487529,0.48353523024130407,-0.5964985038975659,-0.5794791691429119,0.5717666236142795,-0.1339644739427527,-0.5019499424684974,-0.4867175215043273,-1.0027511794710997,0.3909276742300366,0
0.8630869051778294,0.8597197544008489,0.7368253722243759,0.7277243135081356,-0.6378712356047848,-0.7541631733094598,-0.732858635609498,-0.5093574785654339,-0.8863057187801654,-1.3639341640736284,-0.04210996001934079,0.16193324586745436,-0.16049073638619532,0.05625024324057666,-0.408333286631762,-0.8009865996372473,-0.6042880583510805,-0.6238308551822429,-0.7489145901398435,-0.8108371070244708,0.7036595340493577,0.9527408120475896,0.5882764532114728,0.5544971439356227,-0.32960765263063174,-0.6736009672127985,-0.7250137411994205,-0.48058642544725677,-0.7135658761091994,-1.05624257333005,1
0.3467033485821179,-1.7422997092093306,0.400623415768434,0.1981384279490504,2.0900154341472685,0.9646323917702396,1.3744895524121237,1.5234759682439816,0.5570618035169227,1.1568750524724067,0.027179039128696438,-0.9977805670481155,-0.05421677228311905,0.060864199031884156,-0.5222893597847014,-0.12868993061143139,0.31131032511348405,0.23161687067942843,-0.30255166548462153,0.13887443814176975,0.4893216706943338,-1.4740106379397588,0.4954439394321165,0.3566907494738031,0.9076560944791293,0.6545888524905888,1.4350107584612355,1.0200367192527764,0.48718179654564786,0.9648346909874069,1
-1.4182901834857637,-1.1576024080757987,-1.4243599102171143,-1.1260962073989982,-1.7945007677898288,-1.343305411275223,-1.0379036033965052,-1.1316799568472589,-0.08204122874397764,0.8192411278952988,-0.8176665296911834,0.14080592575968626,-0.8284319230515821,-0.6382704674153092,0.16076265827315733,-1.1427789061864213,-0.8672268286630009,-1.2735007775720346,0.762392950031381,-0.5999938103176798,-1.3489288158721926,-0.9644432856555128,-1.3641073522106208,-1.0356275356820215,-1.4091309013975326,-1.2834155396545828,-1.222488099878573,-1.5043299280497908,0.1335584636302802,-0.32955677313334114,0
-1.2166546994817242,-1.723663938655274,-1.2313404340400558,-1.0121893553572379,-0.2274317878529408,-1.1602889504578813,-1.0824107390905071,-1.2184621740773374,0.33086241569424457,0.2312430643309282,-0.7346569366524457,-1.2835275715056789,-0.7939394961058468,-0.5887005336747849,-0.30087921164670806,-1.100006451440993,-0.9774760157592739,-1.8106891487407308,0.2656531073704513,-0.2087419884287305,-1.1626975213910826,-1.9684423262947692,-1.2007801482800653,-0.9377474749741902,-0.35511824535454445,-1.158513759756868,-1.2913245593611555,-1.712039499349078,0.31272761897406665,-0.1339322792091689,0
0.027037337356200803,-0.5938703488155807,-0.08192527467421218,-0.08338964475131938,-2.1965639002814314,-1.4251616579491049,-0.9947506647135678,-1.0622441851119022,-1.0873718412892133,-1.2652191607015075,-0.9699651218779581,-0.889503051495804,-0.9683126977328678,-0.6185909429315155,-1.1728313870031333,-1.2076845846034816,-0.832933071742264,-1.2524588367658873,-0.6024700610534844,-0.8830738538961886,-0.2952357913976386,-0.8669023403337763,-0.3911065671607393,-0.35507122508105443,-1.9593093511432476,-1.2958297125044569,-1.1105353254211665,-1.2136262515877216,-0.7041359205647898,-1.2789275159814852,0
-0.3527368127327083,-0.8035227675487198,-0.3413940787155039,-0.40837507095577313,-0.6274008415294828,-0.15666825711166804,-0.4906750094343126,-0.4466203341969151,-0.1179458934777351,-0.036288901329745826,-0.6814896353259815,-0.7990076970341974,-0.5743998597350183,-0.500834766866409,-0.5459018794470223,-0.5481145191888539,-0.5252177367172416,-0.6372915084920576,0.06297387911493059,-0.6975317527942126,-0.38218416992844995,-0.6701387092537208,-0.3119088288427256,-0.4246445086503842,-0.023480539943680184,-0.0009554791226708819,-0.3139590680663361,-0.1987055457502402,1.0105443292603915,-0.15253633770916203,0
-0.32541493143134803,1.3419203174870686,-0.3860891623384702,-0.38678135492889915,-0.8423929332090202,-0.9800567157178826,-0.9365927395062468,-0.7780524195859825,-0.5164876720224545,-1.1607815484382502,-0.5175285383321112,0.012281395104097143,-0.5893155038196606,-0.4095586849079364,-0.29608826562826607,-0.9164113610848071,-0.8073250698494868,-0.8303822594190545,-0.9785396117472545,-0.8343048826579221,-0.4104929443338305,1.0216921699474382,-0.4891609098401846,-0.45073448998888277,-0.42314649261831094,-0.9225178003760943,-1.0826640415545774,-0.8266195053511809,-0.9430281276898378,-1.1825246673906111,0
-0.7079212696503936,1.192834153054614,-0.717544738232681,-0.6648004487749022,-1.467126446368715,-0.8659034465468225,-0.8437335158903994,-0.8902794228587512,0.44575734284227186,-0.5470317448637614,-0.5549171566842699,0.9876593400793906,-0.447616885015559,-0.4693395034213976,-0.2728179563958342,-0.11983664114277882,-0.4994599804274306,-0.7279575181420738,1.3399701727479811,-0.5787261386498646,-0.7946834541211367,0.977966918596315,-0.769689162417178,-0.7099290758354049,-1.5434866897434727,-0.7527729879390377,-0.9528006937399498,-0.9920095599638602,0.531188255752894,-0.9265779231785816,0
-1.6379581091487012,-0.5892114061770666,-1.6082821569841885,-1.2459413313481489,-0.6811488644493676,-0.8185716032319929,-0.890404948593156,-1.0705674795639806,-0.1502600917381181,0.34712589437646174,-0.8804382467411379,-0.47241454036828234,-0.8517376169338355,-0.6700465803432699,0.7011129270674257,-0.5021880800702181,-0.5018560507799712,-0.8952100035203457,0.6136053084796402,-0.44268637677470024,-1.4975498815004398,-0.6465943431415773,-1.4697043366346392,-1.1094638880975112,-0.08725702175346171,-0.7553064926022774,-0.9695889335186504,-1.3286216873898467,0.31272761897406665,-0.5522417157847761,0
-1.4103668379083691,-0.4750673115334691,-1.3282457038420628,-1.1147595064848894,0.7567852552254613,0.7010589897817762,2.7020862650449433,-0.12493625131929102,1.0776794421564202,2.5546222741327225,-0.29353984306642633,-0.05462178523716853,-0.4830415397165844,-0.4801722691922932,0.8999371868327642,3.348992838793715,8.121601148013534,3.32911433346667,2.515041074136925,2.115667851265786,-1.2253812361458534,-0.5305542530174425,-1.2306606136527958,-0.9687826161742344,0.6993195872338426,1.1498890141539406,4.5635156085867585,0.9048917445224298,2.0777009650361005,1.8950376159870723,0
2.486006654478636,1.7006589006526625,2.631422279781978,2.7572636985839565,1.2803049589905682,1.946536121713178,3.177264323391663,2.8307080999067433,1.3972309582868698,-0.0448728146664526,0.48338878599448604,0.5897614780497583,0.813687267892003,0.8336014906891074,0.8239664713974714,1.4206357264027942,1.7055237614980272,2.0031626223734302,0.14615437163598236,0.5154589002598119,1.7692826848804646,1.1562314048739717,2.0039722883466617,1.8641118934759453,0.9289149217490553,1.024480533323578,2.399282358006651,2.374859408937111,0.4588919299124181,0.21052468271495015,1
0.8412294001367406,1.409474985745525,0.7921998121112372,0.7161176911436906,-0.8689179315331194,0.13678917144027639,0.3733510478037681,0.21524404145184078,-1.2345809666976226,-1.2208689417951928,0.33280526804404886,0.7992740691184584,0.16858566123122476,0.33649790586911804,0.4071541677930263,0.970777955276878,0.5026964445226619,0.8845359162819342,-0.534519799557414,-0.018432995401209747,0.810828465726869,1.623755246243676,0.7217231917692986,0.6670421614742441,0.503738376350513,0.9959786058621319,1.0637053995674144,0.8884424624180948,-0.638126231753921,-0.25063046434549074,1
-0.15875145549304978,1.2394235794397568,-0.18239032989751688,-0.24534251495287446,-0.22184757767944654,-0.46237628040392126,-0.44339902449447355,-0.4473701805439492,-0.17898382352512468,-0.18650738472210351,-0.6242061558323071,-0.387377076934516,-0.5450346854433789,-0.4368412061087107,-0.968873970789464,-0.7633601193954732,-0.4395582216139164,-0.746214496194466,-0.8520115386166401,-0.8522723983772836,0.10513116090702791,1.6540265741021458,0.15312404487073902,-0.07524338601911831,0.6525501672400033,0.21185891258945963,0.4838330506652247,0.2753328567110557,0.8863832479256623,-0.275435875678815,1
0.5297599533012319,0.30530558041765954,0.6221211753158779,0.365219805706988,1.482732577779744,1.8314547771830036,0.9996671654210726,1.351011308426141,1.2679741652453398,1.5674722404115167,0.5358700576264155,-0.26765559632383007,0.4347366853665604,0.25224306098437405,0.036540272223556894,-0.029090424089088317,-0.0226419802718576,0.19603123549256213,-0.42322195745178126,0.1293406542906801,0.9281076739777312,0.9544225524841715,0.8377638339934944,0.719904215166627,2.00461158160737,1.0662833602670323,0.9458603738227757,1.387902482677,1.2572948326724476,1.7089970309871392,1
-0.00028454394515949017,1.0344301033451315,0.019726375689525847,-0.1425024423748869,-0.07875219198364981,0.5024508629313139,0.26574074960311167,0.39670685743409023,1.5228972848550244,0.24698023878155598,0.026493009434161493,1.0915353306092503,0.2855802445201375,-0.21276344006999867,1.3554192690146334,0.6398862613859828,0.12711241676192803,0.7066077403476018,2.868851056409569,0.3588848347053775,0.09906499496301759,1.5211690796121942,0.20534233387162704,-0.13901889595767064,1.0267055271907213,0.9560759074161073,0.45951582313061684,0.9377903087311004,2.85724395670731,1.0550361867449498,1
-0.8035478542051548,-1.0690824979440292,-0.8302712765737913,-0.7382190832662737,-0.8863685883252896,-1.0942099848889424,-1.0706376888255658,-1.1449522371897622,-0.13589822584461433,-0.25660934363853655,-0.6811466204787139,-0.4030465060144438,-0.6489780801582298,-0.5323300303114205,-0.4456342234896312,-1.018777520566104,-0.9483128444809145,-1.3556571788078,-0.4103348388921814,-0.6450959416132195,-0.7299776840516956,-0.6297769387757609,-0.7496721516335043,-0.6823043897122888,-0.6442382962255538,-0.9944693328121005,-1.265520239835008,-1.4627581060042891,-0.1430535656724072,-0.5471678816484147,0
1.1636275994927932,0.5918305526862828,1.1007145486237486,1.1107428515348132,-0.10178705894931529,-0.11954524274709567,0.31168671962136946,0.49293713863679844,-0.4267260101880584,-0.7630602305041987,0.6274550218468408,-0.04053690516532312,0.3937186641337941,0.5365028590836173,-0.31422541841236756,-0.6261341326313561,-0.12237840869635873,-0.39530918922136593,-0.6540185352918829,-0.5809262426155005,1.243548303066256,0.9392868885549366,1.0930532468867247,1.1888417882442164,0.6270395745160899,-0.17386717238877722,0.5628640401527006,0.35010232082167025,0.3190142560036734,-0.43892608673936234,1
1.6581536510474169,0.8527313404430782,1.5832632390663948,1.6208943926697117,-0.34749230658307206,0.5154439179589143,0.6889273155607497,0.951843103021661,1.020231978582406,-0.8746511038813788,1.1821100298784064,0.4999703675917437,0.7610163997181102,0.9280872810241418,-0.3090922619640372,0.5137268864576813,0.29004520073468665,0.15270959265637682,0.7108444757929827,0.227978648750031,1.5872977065601612,0.9729216972865699,1.3976599327252386,1.4616781943984503,-0.5421959253299035,0.6267203011949526,0.6250600259623709,0.6402078415708545,1.2305766252966202,-0.011596500588000372,1
-0.7571006559928423,0.2354214408399464,-0.5850416142176923,-0.7487460198293748,3.2626995705811077,3.3479299139757837,1.8363674615430319,1.4109990161888681,2.822646148217079,4.983869748420558,0.28341113003752716,-0.12152496557843419,0.24409610940972623,-0.28839219369273317,0.7497068081116219,2.713769319417882,0.7180432674572456,1.0779361075149034,4.584009381069005,1.9869617692760753,-0.2952357913976386,0.1169158150665003,-0.2625915558974423,-0.5544123243274915,3.3184071068888676,3.872139774804946,1.9208876701623443,2.1385879023475693,5.8653997753740335,5.023902000076858,1
2.065249682437686,0.3775191913146293,2.172605492147987,2.2336160849322617,-0.12202982082823267,1.7182295833710581,1.5715735817009664,1.5009805778329586,-0.3226024824601585,-0.0949456424639045,2.5864128145915966,0.2235545961817782,2.7713655540013016,2.310869771001619,-0.42167949339742156,1.3315495011244762,0.9181151418943829,0.604492439376594,-0.14790624276942627,0.302415499587385,2.3900536664841647,0.3994482084122207,2.552264322855987,2.5427924537846023,-0.1935511581030976,1.377904433845509,1.4242550616670822,1.0409721692037486,-0.11476369903917744,0.2646455801694763,1
-1.3450675415981177,-1.5140115199221351,-1.2214521412031163,-1.119618092590936,4.7215744784065405,2.2342394830386136,0.09404791427172696,0.09426883079700767,2.03633399054777,4.637651910506743,-0.018441935557882462,-0.23244339614421655,0.04320102814470061,-0.43262846386447346,0.9800144274267216,1.1002573137559242,0.06571311397807587,1.5745877986011696,0.5761155090335326,2.4423832901627436,-1.2314474020898638,-1.5850055067541489,-1.127674543678822,-1.0105606908666014,2.4850610779077242,0.5646494369455812,-0.30975031714688467,-0.1792654850814805,0.20742644872815752,2.3291323143202507,0
1.0543400742873519,-0.7499449272058067,1.1007145486237486,0.9244970508030249,0.7498049925085929,2.0616174662433524,0.9537211954028149,1.480984675245383,1.2248885675648296,0.5903367722498013,1.9470331392849562,-1.1875743260162321,1.5799784827404997,1.8695348692243885,0.3493206051418346,1.8179270913085852,0.41763594700747186,1.3920180180772461,0.6335217644353851,1.1971244456127237,1.2172615839755456,-1.1595251762989864,1.2235989693889449,1.2229463390134956,0.6823125254179003,1.9536433685667203,0.4791566607547232,1.431268771861156,1.3280194992555212,1.5173188525023595,1
-0.21612740622590634,0.2680340393095459,-0.1475835391114901,-0.2882600255562865,1.0359957639001853,0.8050034300025787,0.6647452260774561,0.824119275243521,1.0956317745232995,1.5231220215052008,-0.0767544595933594,-0.518366461602678,0.0800240244786613,-0.15920143153612568,-0.5151029407570384,-0.15967644375171597,0.056428341361981244,0.25327769209752093,-0.4044770577287273,0.07910494707532296,0.008072505802866269,0.6483457930263077,0.15602506092634374,-0.08257586443451347,1.0904820090005027,0.8275005457566951,1.0964401289409251,1.3550039184683293,1.06712406252685,1.522956445987206,1
0.11446735752055413,-0.8571006078916331,0.012211273133451942,0.0037949837071843116,-1.3666106632458146,-1.269244997617901,-0.9074533216788779,-0.7493083096163424,-0.6421539985906082,-1.4383280796584148,-0.33264353565492266,-0.5519941127742088,-0.45087968215907454,-0.2548908625123707,-0.6461695354044134,-1.0798098848406288,-0.8179875829182923,-0.832238901254891,-0.6516754228265011,-1.0613556119115657,0.018182782376216573,-0.6819108923097925,-0.12247248041172595,-0.08871468357298377,-1.3032619415932956,-1.1659242608968439,-1.069383094208753,-0.8427697095990736,-0.590976454031872,-1.5185252390874597,0
-0.48934621923951027,-0.3935358153594703,-0.43117977767491417,-0.528220194904924,0.6730221026230436,0.5210123701136,-0.14644296563962791,-0.5188555322945323,0.0005395001436676067,1.2040865758242902,-0.8104632178985657,0.4137004771516908,-0.3343512127478067,-0.5251081864641567,1.0542740907125712,0.4102540657928028,0.4784362322031887,-0.005104963389726423,0.16021304642827305,0.8124729356206825,-0.7057130202756551,-0.4868290016663189,-0.5312256426464557,-0.6429136335737713,0.5632630927063084,0.050347990307932036,-0.16758806386763814,-0.6099375983586199,-0.5501133133394297,0.5470890137602841,0
-0.1560192673629138,0.89932076682822,-0.20493563756573915,-0.24372298625085884,-0.23022389293968792,-0.6693370854864119,-0.7228230684739312,-0.6078372988092442,-0.5272590714425819,-0.6571919660181567,-0.22973908147466945,0.1953848360380874,-0.39867492786282666,-0.2079488775051562,-0.35973940558756573,-0.25152932198898786,-0.37216874294871294,-0.4083056820722216,0.04305742315918577,-0.44231969278042765,-0.20626535755215727,0.5524865881411526,-0.3000146630147456,-0.2779949403424835,-0.43165002352628207,-0.6539663060726912,-0.8007712577495452,-0.6392472282899809,-0.41495061720288934,-0.8093159786937753,0
-1.1314104298214793,-0.42847788514832647,-1.1059568808676636,-0.9519968719323264,0.3449497549302432,-0.5618659589009749,-0.7788046056277559,-0.7748030854155015,0.2841863515403588,0.10105371205755269,-0.5182145680266461,1.3908390321359652,-0.532915724624607,-0.4966220246221718,0.30243777624708207,-0.6111942066530047,-0.47130615378507895,-0.5662749582713111,0.058287654184167294,-0.370816313897255,-1.0535065343989007,0.17409498991027703,-1.0426747732495985,-0.8676626231433213,0.35917835091500777,-0.7268045651408312,-0.7979654238032443,-0.7401860048393104,-0.01889248433767794,-0.40848308192119154,0
-0.04399955402733616,0.43808544561531426,-0.10209739206156834,-0.16220670824940964,-0.3530765167565663,-0.6325853012654854,-0.905639664967631,-0.7445592827517932,-1.0550576430288303,-0.6085497904434886,-0.5285050134446715,0.4894067075378596,-0.5846543650432099,-0.39190528883684717,0.16076265827315733,-0.6477140257111971,-0.7587746943311335,-0.25729881275751876,-0.9223049125780924,-0.3169137667391711,-0.21030946818149723,0.7526137000943713,-0.2799976522310719,-0.3023796941425181,-0.12977467629331607,-0.656499810735931,-0.9999387040378053,-0.521261013923431,-1.0687608682819685,-0.4349797712999698,0
-0.5877049919244081,2.043091184583456,-0.6139154293015557,-0.5765361345150547,-0.575048871152972,-0.8079915441380897,-0.7962157100557273,-0.6243339184439942,0.15492955849882875,-0.8045491449649448,0.6624425362681269,2.4965021177758278,0.5489345853896028,0.06728361578500751,0.204565593298912,-0.5525411639231804,-0.5386956324502824,0.019650261088093757,-0.003804826148449221,0.03436949977405614,-0.5601250376194129,1.2655445332517798,-0.5999797231642918,-0.554582847081338,-1.1757089779737326,-0.9987762907396077,-1.033000780705051,-0.8825470645059205,-0.7890055204644777,-0.9863364141179536,0
-0.38825525842447706,0.7222809465646801,-0.4212914848379747,-0.42430043652559285,-0.36354691083186824,-0.8523535463037536,-0.5128016213115262,-0.5426006666172785,-0.8109059228392731,-0.27949977920308633,-0.604654309538059,0.2728516764332367,-0.6825382793486748,-0.4360387790145702,0.19840580556091506,-0.747866862825331,-0.2790215079936983,-0.43058538410225944,-0.4724273192247979,-0.42545222904388436,-0.3801621146137799,1.2722714949981064,-0.46073095249525653,-0.40793327877343727,0.4314583636327604,-0.6501660490778318,-0.2732744758449727,-0.3166917601167898,-0.12105033606878415,-0.18128806448187879,1
-0.4729530904586939,0.12127734619634889,-0.47231507587658206,-0.5187729441431667,-0.7851547789307017,-0.03954514679144212,-0.2565923832360304,-0.44387089759112347,-0.10717449405760776,-0.01625977021076566,-0.16731037927198225,-0.32575572662019214,-0.1595585086309051,-0.26652605537740676,-0.13319610100124168,0.45120052958532153,0.4338094218871207,0.3600345976581204,0.8080836431063252,0.315982807375474,-0.5884338120247932,-0.45992115468101213,-0.5741606802694083,-0.5823780559583006,-1.1374430888878637,-0.24797218378853714,-0.40093992040166443,-0.5718051716622066,-0.34736926913461874,-0.35210714707272683,0
0.7838534494038836,0.3798486626338868,0.7684679093025821,0.6885857032094265,1.1267391792194703,0.03841318337415971,0.740918807949831,1.264529029734876,-0.3010596836199038,-0.2709158658663805,1.3827737155299005,1.5915485731597616,1.4704417214939078,0.9140448068766845,-0.15886188324289482,-0.418635160709808,0.37091257513293063,0.8876303193416615,-0.259204084875059,-0.0206330993668458,0.9341738399217407,1.23527320539331,1.023428861552207,0.8000499094744331,0.5590113272523235,-0.31447668119857786,0.5418202855554437,1.0200367192527764,-0.4448121430935206,-0.4451274395726934,1
-0.9264963200612765,0.6081368519210826,-0.9327139903644838,-0.8194654398173873,-0.540845583840318,-0.8556946175965651,-0.6454403821273916,-0.8675340836653836,0.7365851271857149,-0.40539717480811044,-0.36111376797812617,0.6971586885975793,-0.31757111315258413,-0.42941875548791175,-0.1287473654126885,-0.22441612299123903,-0.08164521270316907,-0.19386355003310488,-0.24163074138469584,-0.4030845053932508,-0.7299776840516956,1.0486000169327447,-0.7029657931382655,-0.6877611178353734,-0.06174642902954957,-0.5405919723927168,-0.3901842236075109,-0.5927406216131786,0.0926953229378379,-0.4096106006181612,0
-0.393719634684749,-0.6218240046466661,-0.3900444794732457,-0.4580406178175835,1.1686207555206793,0.15163837718610523,-0.6132782031146111,-0.4698655709549719,1.1099936404168023,0.5188041611105834,-0.10145152859662014,-0.39089829695247735,-0.19871207435309107,-0.2605078521713536,0.20182790985980228,-0.5492211803724356,-0.38534712988768605,-0.38741846141906067,-0.28732143445964003,-0.058768234771204624,-0.3882503358724603,-0.6835926327463744,-0.414604797211139,-0.4582374911581241,0.6695572290559443,-0.36134651746851154,-0.625874275096788,-0.5089988218092905,0.2592912042224109,0.09495401627559713,0
1.2182713620955137,-0.4121715859135267,1.2391506483409012,1.1134420660381725,0.9871339248821083,1.2077881358581886,1.3043614929105722,1.3035210397806487,0.34522428158774837,-0.30239021476763606,0.7406499214451195,-0.9889775170032121,0.6393606776527465,0.6008976333883861,-0.21395776245497652,0.7970321494545687,0.6859958264920154,0.8118174443783372,0.442558098506773,-0.09323653023283648,1.304209962506357,-0.7542257310828042,1.2381040496669693,1.1496215548595452,1.5369173816689723,1.6090867343661277,2.1434838299022174,1.8439962137517485,1.4034591436108,0.44899488712395536,1
-1.1713003765214658,-0.3050159052277007,-1.0984417783115896,-0.9746702737605443,0.08598200813443739,0.48017705431257035,0.49788880864273044,-0.2896524988844459,-0.5093067390757027,2.654767929727626,0.062166553549982524,1.8239490943452108,0.09820246570681913,-0.2833770243543555,2.0329959201942724,3.4607656183354556,2.607644249229551,1.9954266147241115,2.143657748373919,5.181512727379661,-1.0332859812522004,-0.23793141705223175,-1.0110536982435054,-0.8570902124048448,-0.07024995993752067,0.2536617395329138,0.3388649634396774,-0.23010872067669835,-0.4589570764101346,1.8217489006840686,0
2.0543209299171425,-0.4937030820875255,1.9194651955223367,2.3820728826170208,-0.13389626744690772,-0.33244573012791795,0.3298232867338397,0.8973542684705171,-0.3369643483536623,-1.72588917643807,2.723618753498601,-0.30638901652140493,2.2427924167517905,3.660953356892873,-0.46240253455417774,-0.7976666160865026,-0.3497055833936451,0.04131108250618628,-0.9223049125780924,-0.7283332083131178,2.9076998270396928,0.1068253724470105,2.656700900857763,3.837060155478749,0.1933594982095765,-0.5836615516677909,0.0465905940333319,1.0095689942772903,-0.6224096391799047,-1.0680815196482276,1
-0.5549187343627753,-0.31200431918547145,-0.5569588625607839,-0.5619603761969146,-0.3412100701378903,-0.46683104212766974,-0.7298358744240864,-0.8367903834369861,-1.24535236611775,0.033813057586686235,-0.6639958781153383,-0.061664225273091226,-0.5795271123891141,-0.508457824260743,-0.6872347869910583,-0.49112146823440206,-0.5590622304468772,-1.012178439178046,-0.6985376721341359,-0.7081655886281204,-0.6126984758008337,0.3473142548781891,-0.5538535678801739,-0.5890284433583101,-0.4656641471581653,-0.17133366772553768,-0.5337493938599078,-0.8611629977702847,-0.7858622019496744,-0.37183872426968967,0
-0.8554594286777395,-1.0574351413477436,-0.8725931699158919,-0.7700698144059129,-1.2807534318283365,-1.0366693126238553,-0.7545016056970458,-1.0373492863903704,-0.9904292465080653,-0.06633259800821756,-0.7802779113390247,-0.9453143887804913,-0.7729643716118186,-0.5742568459802574,-0.9103559872784951,-0.6001275948171888,-0.3964289552681861,-1.1658155510935169,-1.0066569613318352,-0.09250316224429103,-0.7461541265690559,-0.9173545534312258,-0.7870952587508072,-0.6754834795584329,-0.8398195071088833,-0.4246841340495027,-0.31910309696788774,-0.8812012141519294,-0.496676898587774,0.43377338471486954,0
-0.08771456410951282,-0.7359680992902636,-0.15232991967322124,-0.1883890889319942,-0.5813311075981538,-0.9022840006241035,-0.9008032470709721,-0.6965691165416115,-1.3889710250527838,-0.5398784837498394,-0.5442836964189769,0.24292130628056544,-0.5520263936080549,-0.41858598971701616,-0.43844780446196835,-0.9736810773351545,-0.820114095356172,-0.8758699843970489,-0.5930976111919575,-0.6241949539396768,-0.2547946851042381,-0.03780430509901354,-0.32438319788182685,-0.3383599952041077,-0.6995112471273642,-0.9763547744699369,-1.0441773525911497,-0.8812012141519294,-0.8550152092753465,-0.7191144829362316,0
-0.33087930769162,-0.004514105043534284,-0.31054260506425274,-0.40351648484972663,0.0022188555320197434,0.16648758293193436,-0.2231001893016688,-0.4811132661604833,-0.17898382352512468,0.40006002661948226,-0.4959186029542579,-1.1595806268734394,-0.21269549068244334,-0.4203914506788321,-0.40799107620187325,0.38812084212117115,0.3382661165795654,-0.2927297277913988,0.8209707616659246,0.28701477182793234,-0.3943165018164702,-0.6482760835781592,-0.25272810130838597,-0.44084417026579187,-0.1255229108393311,0.4455747177733174,0.3168859308603201,-0.23788474494420214,1.084412314358268,0.43828345950274733,0
-0.6150268732257683,-0.263085421481073,-0.6590060446379997,-0.6097364729063733,-0.9177797705511955,-1.039824768844844,-0.8439753367852322,-0.881281266694342,0.20519608912609,-0.21512042917779045,-0.636897705181205,-1.0425000612762245,-0.6531731050570353,-0.4841844046629954,0.099506991323079,-0.9492791982371802,-0.5848199867366883,-0.5729279248497252,-0.06355419401568368,-0.42325212507824816,-0.6612278033529145,-0.7525439906462229,-0.7035459963493863,-0.623474039635282,-0.737777136213233,-1.0507131363360207,-0.8609563958976999,-0.7705424072682199,-0.19020334339445535,-0.5528054751332613,0
0.6581727954176265,2.029114356667913,0.6300318095854296,0.5252832257561918,-0.7823626738439545,-0.022839790327384608,0.036131809959238724,0.1067662699142425,-0.7929535904723939,-0.8760817561041626,0.14894930990866279,-0.2641343763058687,0.2347738318568248,0.13930144748411002,-0.34776204054146087,0.6515062038135896,0.439200580180337,0.598303633257139,-0.8578693197800945,0.03766965572251023,0.5277407216730646,1.3984020277417317,0.5447612123773997,0.39420575532001023,-0.7590359634831602,0.34486790740954143,0.30005092718251464,0.4084225028279498,-1.0813341423411815,-0.3205366235575864,1
0.07075234743837747,0.19814989973183278,0.08380251327289322,-0.05612757826739088,0.2067405531362552,0.3168357911084523,0.3443325404238158,0.27623154434394664,0.49961433994290955,0.2941917621334393,-0.6989833925366246,-1.0108090811145725,-0.6876655320027706,-0.44506608382364987,-0.983931229704567,-0.5293012790679669,-0.3784584276241319,-0.6807678714812292,-0.6188718483111568,-0.6648968773039442,0.39630712621951214,0.7257058531090647,0.2894717994841691,0.2577875522428933,0.996943169012823,0.9541757789186777,1.0314383091849535,1.0364860013571113,2.902822075171957,0.981747471441946,1
-0.07951799971910439,-0.6404597752007225,-0.1345309925667301,-0.17300356626284663,-1.9180514178783947,-0.9343954080494585,-0.8135059040362823,-0.883780754517789,0.0077204330904185004,-1.036314805056011,-0.8831823655192779,-1.1423266487854287,-0.7128356813956045,-0.5531931347590714,-1.235798106102655,-0.6853405059529711,-0.6808425061147516,-1.0630813695105634,-0.8602124322454763,-0.6212614819854952,-0.24872851916022776,-0.6735021901268841,-0.19499788180184832,-0.29658192051174065,-1.6119401135526374,-0.3442453609916438,-0.644112195747744,-0.781608287956591,-0.35679922467902836,-0.38931526407271316,0
1.9040505827596599,0.8550608117623348,1.773118461535632,1.998784423140007,-0.10318311149268837,-0.02469594104561328,0.24397686906814745,0.9390957151220812,-0.1502600917381181,-1.4054230785343744,0.9560632455291164,-0.17258265583887358,0.6440218164291972,1.0508586264276258,-0.7498592956606913,-0.7163270190932557,-0.4638184339333897,-0.20469396074215102,-1.1331850344624494,-0.6608633533669447,2.588215087321828,1.645617871919238,2.3230840544632,2.936700015169777,0.3549265854610228,0.03198008149944448,0.18407645740207676,1.292197568615413,-0.13205195087059524,-0.48628187201207307,1
1.7455836712117692,0.6454083930291963,1.674235533166237,1.6910739697570523,-0.33911599132283066,0.580409193096916,0.900520598539569,1.1712981339203041,-0.16462195763162188,-1.7688087431216009,1.533700248327605,0.44891267733130424,1.9146482468896606,1.4061332223582963,0.4122873242413567,0.5851065327986942,0.6665277548776233,2.4673230813325575,1.3188821605595447,-0.5222568035318718,1.389136285722498,0.3422690335684439,1.4614822859485466,1.3013868057828377,-0.5932171107777283,0.23466045455861645,0.5142295850834847,1.1591079224985195,0.00468240452334657,-1.4226861498450698,1
-0.7980834779448829,-0.9013605629575179,-0.7511649338782755,-0.7328206542595552,-0.8451850382957673,0.1460699250314195,0.1351574663933261,-0.5293533811530096,-0.0030509663297088366,1.4186844092419437,-0.2829063828011335,-0.2782192563777141,-0.1642196474073559,-0.3738506792186878,1.1843140540702797,2.277191482494945,1.8594712816487584,1.3564323828903797,-0.9738533868164909,3.131749199395382,-0.8755656667079381,-1.1561616954258231,-0.8178460289402192,-0.7551176056046999,-0.9163512852806209,0.16435570015371612,0.12141283260135616,-0.4750534851030714,-1.177205357042681,1.15087527598734,0
-0.5166681005408705,-0.081386658579019,-0.5731756628133651,-0.5373975242163456,-0.8814824044234819,-1.141727443275595,-0.9886325960742947,-1.005130888346139,-0.9760673806145616,-0.45117804593720895,-0.7854231340480373,0.5404643977982994,-0.8027956597811031,-0.5690410698683446,0.32913018977840147,-0.9464018791598683,-0.7677000563943471,-0.8016043109635885,-0.13033289927906308,-0.5746926147128649,-0.6106764204861638,0.44653694063650756,-0.6785972582711843,-0.5943146487275484,-0.4061394308023693,-1.041465844315196,-1.1220860085001052,-1.1164259482439227,-0.5532566318542327,-0.6661211041786751,0
0.5598140227327283,-0.13962344156044648,0.6498083952593086,0.38222485707815146,0.7567852552254613,1.4231016191727082,1.2729247765822906,1.0440742037068538,0.23391982091309657,0.606073946700429,-0.43108879682069834,-0.5417825747221209,-0.21316160456008834,-0.27114001116871417,-0.8063240165923281,0.5131735558658908,0.18222203487036093,0.05987750086455141,-0.7758603834917336,0.10697293064004683,0.4407923431422533,-0.12020958649151506,0.5505632444886096,0.2356195942428618,0.20186302911754764,1.3658702866951211,1.059029009656913,0.8779747374426087,-0.21377823225547987,1.2636271456842694,1
-0.8882456862393722,-0.1815539253070742,-0.8694289162080714,-0.7922033733334588,0.3240089667796393,-0.5369935392767116,-0.4846294870634892,-0.4856123442426878,-1.1663621037034813,0.507358943328309,-0.11448609279278565,0.9119531096932217,0.045065483655280895,-0.3174801758553233,0.8896708739361029,-0.23216275127631003,-0.38145351556480755,-0.023671381748091556,0.03368497329765877,-0.39905098145625145,-0.8027716753798166,-0.03780430509901354,-0.7299452424553908,-0.7169205087431072,0.1933594982095765,-0.5735275330148324,-0.6310183039983397,-0.5326259724682446,-1.0294693868469276,-0.37014744622423557,0
1.7373871068213618,0.34723606416428726,1.7968503643442875,1.7396598308175188,0.6171800008880991,1.3061641239243051,1.4385720895428518,2.0858607285195485,1.1351269057304334,-0.013398465765197065,0.9797312699905747,-0.4136101660683279,0.831865709120161,0.9262818200623258,-0.8011908601439977,0.034542593966853004,0.222056704481348,0.38788422519566795,-0.11978889318484527,-0.40345118938752356,1.603474149077522,-0.054621709464829866,1.516601591005039,1.562286619167824,-0.2105582199190398,0.3708363302077478,0.7817190879641722,1.5000566788429215,0.26872115976682054,-0.4620402200272333,1
-0.6177590613559043,-1.9705878984965264,-0.6419981809584636,-0.5959704789392413,-0.4912857185505553,-0.9486877685798188,-0.7673181131231914,-0.7695541609862627,-0.7534584592652599,-1.029161543942089,-0.5514870082115948,-0.31695267657528897,-0.5930444148408212,-0.45449460217979987,-0.25468080361173273,-0.7467602016417494,-0.5653519151222961,-0.9083612165241877,-1.1179548034374682,-0.7085322726223932,-0.5196839313260121,-0.9526711025994411,-0.588375658941872,-0.5172383639889773,0.24012891820341584,-0.6172304884557163,-0.5833191269112241,-0.683809828899907,-0.7009926020499864,-0.635114340012019,0
-0.3636655652532527,-0.31899273314324306,-0.36314832295677063,-0.42430043652559285,0.2500181819808371,-0.149800499454222,-0.6121900090878629,-0.6398307429493654,-0.3333738818802858,-0.3767841303524225,-0.5058660335250157,-0.2289221761262552,-0.532915724624607,-0.42640965388488516,-0.5565104027735721,-0.4938881211933561,-0.3571933032453344,-0.545233017465164,-0.35410013972301985,-0.3451484342981675,-0.4307134974805307,-0.16561657827922005,-0.46537257818422473,-0.46164794623505206,-0.12127114538534613,-0.2587395786073055,-0.4818414658533409,-0.5267939542676167,-0.19963329893886586,-0.2652882074060914,0
0.25654114028762853,2.432112894899391,0.17161055366491565,0.1511720955905995,-0.8765962205216742,-1.0669245693309817,-0.515824382496938,-0.5338524592352141,0.14774862555207688,-1.3825326429698248,0.18908204703896173,0.7077223486514633,0.05671833059640784,0.07570910027348195,-0.0301907616047409,-0.6233674796724021,-0.23199862732508972,-0.4047471185535349,1.2895932547422737,-0.7477674600095697,0.1799472075498193,1.8676076095480172,0.06319254714698704,0.06577893141185119,-0.7207700743972913,-0.9899090244182691,-0.567887040206569,-0.728821046294497,0.5139000039214753,-1.253558345299676,1
-0.11503644541087311,-1.4208326671518512,-0.17052437849318963,-0.21808044846894595,-0.2637291539806544,-0.7669706132652372,-0.9538829334868016,-0.7393103583225545,-0.785772657525642,-0.4983895692890932,-0.665024922657141,-0.933870423722117,-0.6722837740404832,-0.47876802177754757,-0.8798992590184,-0.9618398026708314,-0.8495258589336075,-0.7541052239967712,0.12155169074947424,-0.7286998923073904,-0.3437651189497194,-1.492509782742157,-0.39893931051087245,-0.39514407223495757,-0.6272312344096116,-0.9358186998581024,-1.1168016879012386,-0.8444146378095071,-0.13048029161319377,-0.8989537151028336,0
1.7264583543008178,1.9662186310479712,1.6623695817619104,1.7693511903544705,-0.29095217857644007,0.07182389630227475,0.7965376137614065,0.8661106706774301,-1.3027998296917631,-0.9561982805800873,0.3808273466615005,-0.06342483528207171,0.39418477801143914,0.5698035834904449,-0.649933850133189,-0.27200255388524736,0.05792588533231893,-0.122692279659372,-0.881300444433912,-0.33084775852153303,1.6378490894269122,1.9466494100673566,1.5891269923951614,1.6697159540910536,-0.40188766534838377,0.1339536441948405,0.6475066975327783,0.6252539487487316,-0.7371407649702238,-0.03414687452738608,1
0.01610858483565688,0.5475705976203977,0.04978678591382147,-0.08230995894997574,0.17253726582360118,0.11637151353976154,0.5123980623327063,0.18075110948827272,0.26623401917347955,-0.1936606458360255,-0.43554798983517606,-0.36272853680878653,-0.12320162617458962,-0.33493296515287746,-0.3563173012886785,0.24425488825556438,0.4646588276760804,-0.014388172568908855,-0.02606439456957569,0.08533857497795871,-0.09707437055997532,0.7660676235870244,0.24015452653888586,-0.15897005815769888,0.5462560308903673,1.0694502410960818,1.133851248224937,0.45178879201210603,1.0765540180712598,0.9873850649267926,1
-0.4210415159861093,-0.2793917207158719,-0.3829249086306496,-0.4801741767451293,0.8265878823941423,0.5544230830417151,-0.11307168215268273,0.0497779475396518,-0.6098398003302261,0.8492848245737705,-0.619403947970562,-1.0419718782735303,-0.5711370625915029,-0.46552797472423063,-0.41586191608931367,-0.028537093497297546,-0.1879708345971567,-0.2139771699213337,-0.34121302116341995,-0.08296937839320136,-0.4024047230751502,-0.614641274846526,-0.3664479306880975,-0.44186730678887004,0.9161596253870993,0.8186332794353561,0.3837583065804921,0.39197322072361435,0.509185026149271,1.0944993411388753,0
-0.022142048986247824,-1.5116820486028777,-0.09260463093810666,-0.12684699825540338,-0.1862482378234185,-0.9368084039831557,-0.8690037994004411,-0.5353521519292823,-1.5720848151949516,-0.8016878405193762,-0.5346792806954868,-0.2535707162519847,-0.6354607777065227,-0.35479303573285276,-0.07775801135927123,-0.7866000042506867,-0.8062468381908435,-0.7853586949000191,-0.743056808976389,-0.48155488016760434,-0.16986836188809673,-1.3125635560279183,-0.27622633135878527,-0.24371986681935784,-0.1552852690172294,-0.9123837817231357,-1.0431485468108395,-0.8312552121260389,-1.2667899347145741,-0.7360272633907707,0
1.7483158593419057,0.43575597429605684,1.7968503643442875,1.7720504048578298,0.889410246845955,1.1298298056925864,1.563109850381814,1.5834636760067087,0.13338675965857308,-0.05488738022594318,0.6085892052471279,-0.015888365039593663,0.5988087702976255,0.6717118244462781,-0.0866554825363776,0.1313754475302422,0.23912870574319958,0.4776219139277657,-1.09335212255096,-0.02283320333248201,1.5145037152320402,0.8333372410502916,1.6036320726731859,1.4787304697830899,0.622787809062105,0.6634561188119277,1.1305777752875863,1.4477180539654912,-0.6695594169019538,0.3441356483058111,1
-0.9210319438010045,1.127608956115416,-0.9287586732297082,-0.8148767751616764,-0.9659435832975851,-0.696251270900727,-0.8952413664898146,-1.0145039676840653,0.5929664682506811,0.09676175538919929,0.3657346933817297,1.2200598612648395,0.29956366084948977,-0.17264208536297773,0.45985457399588703,-0.3782420275090799,-0.5950032857349857,-0.8952100035203457,0.48707723534902636,-0.2978461990369917,-0.6753821905556049,0.9493773311744264,-0.6968736594214949,-0.6603069544661035,-0.48267120897410754,-0.5804946708387414,-1.0016689683046909,-1.2239444376349864,0.24043129313359168,-0.42990593716360836,0
-0.7898869135544745,-0.27473277807735785,-0.7294106896370082,-0.7398386119682894,0.011293197063948629,0.5377177265776578,0.7892829869164182,-0.5051083492655741,0.8730228531739969,2.015266386143019,-0.5837304038547408,0.7341314987861733,-0.25744242293637,-0.5058499362047867,-0.08768211382604386,1.8594268856928948,1.6821620755607567,0.222333661500246,-0.06472575024837451,1.7915192003287375,-0.7663746797157561,0.3624499188074241,-0.6023005360087756,-0.7160678949738752,0.12533125094580885,1.4558097022401286,2.1860389780877814,0.1093446463854917,0.6317744482265979,2.5828240211383413,0
0.38768617053415805,0.002474308914236452,0.3017404873990393,0.25671138267194626,-1.211648830931343,-0.8792677317180685,-0.5734986659145931,-0.506857990741987,-0.947343648827555,-1.169365461774956,-0.6283223339995172,-0.39829285899019595,-0.6466475107700044,-0.38969861432796105,-1.4007435333090117,-0.9091627303323478,-0.5848199867366883,-1.010167077189223,-1.2151939707508104,-0.896274477690005,0.3113808030033711,0.9863756207792235,0.23145147837207125,0.16331794661198987,-0.9928830634523591,-0.47028721798781653,-0.23446043958781004,-0.4307899623495875,-0.35051258764942256,-0.8792221379058709,1
1.2210035502256502,-0.5239862092378675,1.1481783542410582,1.1161412805415318,0.6730221026230436,0.12008381497621888,0.6792544797674324,0.9473440249394565,0.5570618035169227,-0.06776325023100235,1.0284393783025614,0.6267342882383523,0.9199612319950791,0.980245042143269,0.4047586947838054,-0.2504226608054063,0.02348237401454832,0.6663805005711442,-0.006147938613830869,0.28628140383938716,1.1889528095701651,-0.152162654786567,1.0872512147755151,1.1189274591671938,0.7886066617675362,-0.16373315373581868,0.23879021935494457,0.7912421590742958,-0.01889248433767794,0.038014322078648036,1
1.7619767999925862,-0.4704083688949542,1.678190850301014,1.8125386224082185,-0.09061863860232582,0.07553619773873209,0.76389179295896,1.0163298888665926,-0.8611724534665353,-1.1192926339775031,0.6885116646604579,-0.9991890550553001,0.558256862942504,0.7104289317385531,-0.2423612281357391,-0.36440876271431,-0.17449293886411604,0.09546313605141772,-0.9070746815531111,-0.7620681357862042,1.8198340677472156,-0.4431037503151952,1.7080686506749627,1.7959027919373869,1.0394608235526774,0.32016623694295476,0.6535860044164302,1.446222664683279,-0.34108263210501294,-0.751812525148341,1
0.8466937763970126,0.6430789217099387,0.871306154806753,0.7674027667075164,-0.40263638204632995,0.44119788922976955,0.09005786950698355,0.6579033349842979,1.0669080427362918,-1.1393217650964842,1.4469174919689247,0.7182860087053474,1.503069692929063,0.9896735604994189,-0.06920275061205361,1.8965000353428783,0.4116457711261203,1.5142469389364828,0.8162845367351613,0.7512367085771451,0.8128505210415392,0.24136460737354354,0.8696750106051481,0.6857996643973476,-0.7802947907530874,0.20109151777069123,-0.21669015792790425,0.5729153238713015,0.25300456719280423,-0.5099597646484276,1
-1.6316740764493884,0.3099645230561736,-1.5465792096816862,-1.2405429023414305,-0.11923771574148556,0.5005947122130855,0.5148162712810358,-0.6765732139540357,1.4762212207011387,2.8622125020313587,-0.7528367235576238,1.297526701659989,-0.7822866491647199,-0.6298249222494814,1.8858454353421288,1.5838682509810789,1.344615664646604,-0.22944918521997118,0.30314290681655925,2.930073002545408,-1.4716675734726634,0.6584362356457976,-1.445916004978679,-1.096504158805185,1.3285808744236867,1.1150533250343955,1.225040851479717,-0.5338222838940144,0.6537776778302209,3.648329189774323,0
-0.6642062595682169,0.5196169417893131,-0.6981636842722798,-0.6359188535889582,-0.655321892396955,-0.9999175284029287,-0.8820621277214197,-0.939769281763001,-1.1340479054430992,-0.5327252226359174,-0.02324414341962766,-0.026452025093477716,-0.1334561314827813,-0.26351695377438017,-0.36350372031634137,-0.8730302426884089,-0.627649744288351,-0.6587976097571637,0.41678386138757406,-0.7408004641183888,-0.6854924671289547,-0.014259938986870075,-0.7235630071330601,-0.6417199742968465,-0.9886312979983736,-1.0691443827610891,-1.033047544604156,-1.156502381007212,-0.7434274019998306,-1.0291821246027872,0
-0.5494543581025033,-1.232145490292026,-0.5980941607624524,-0.5454951677264233,-1.2856396157301442,-1.325486364380228,-0.9466283066418135,-1.0922130441150313,-0.4949448731821989,-0.8746511038813788,-0.6917800807440069,-1.101128374575281,-0.6913944430239312,-0.5172845222962876,-0.5393998812791369,-1.093864481872115,-0.6411276400213917,-1.0291976560065472,-0.08581376243681016,-1.0410413186288592,-0.7117791862196654,-1.5698698428249138,-0.7635970287004079,-0.6475177479276238,-1.34577959613315,-1.2770817779964836,-1.0988443506449126,-1.4350934042833619,-0.9634596980360589,-1.3257195419057108,0
1.4641682938077578,2.189847877696653,1.6307270446837037,1.4670391659782345,-0.2204515251360725,1.9075569566303774,1.074631642819283,1.6409518959459888,0.29495775096048615,-0.04058085799809921,1.4736726500557908,-0.04581873519226495,1.974776937105875,1.299811632384691,-0.19274071580187685,1.2236500357252713,0.17952645572375278,0.5395099751223161,-0.13384756797713596,0.5363598879333545,1.7551282976777745,1.7599762216067913,2.05038854523634,1.7617982411681077,-0.1552852690172294,1.760463637994697,0.6966087915930441,1.1905110974249773,-0.13833858790020195,0.9366467235631746,1
-0.9046388150201881,-0.8734069071264329,-0.8686378527811164,-0.8221646543207466,0.3449497549302432,0.06254314271113165,-0.4639538005552731,-0.8257926370138196,0.1800628238124589,0.824963736786436,-0.9082224493698063,-1.2095819511284904,-0.7552520442613059,-0.6421221174671833,-0.8367807448524232,0.2984812862510622,-0.15173027051498064,-0.775456605108891,-0.9820542804453269,0.3236831712552004,-0.8957862198546384,-1.0855285970893929,-0.7873853603563679,-0.7839359510047408,0.06155476913602852,0.8541023447207112,0.28228064552260895,-0.5208123971387676,-0.5108218319043889,1.3594662349266589,0
0.8221040832257882,1.1998225670123857,0.8633955205372013,0.7177372198457063,0.7916865688098018,1.4750738392831093,0.9633940311961322,0.7671309528689302,0.41703361105526526,0.324235458811911,0.6096182497889303,-0.32399511661121166,0.36528571759744477,0.5589708177195492,-0.3761655062222237,1.6945343693392378,0.296035376616038,-0.0669930245842766,-0.6130140671477023,0.9202780299368504,1.4053127282398588,1.347949814644282,1.2671142102230182,1.344017494244437,1.137251428994342,3.0683854203921666,1.779193055874148,1.1277047475720614,0.639632744513606,2.8196029475018918,1
3.15266055823183,-0.4447841843831262,3.2365858014026734,3.634508412175713,1.3361470607255135,2.4644021720989624,2.989853129896137,3.5630580321767034,0.5211571387831642,-0.19938325472716267,1.9957412475969427,-0.6586870793184377,2.0046082252751596,2.23664526479363,-0.18829198021332366,0.9348114668104766,0.3002284997329839,0.5224907582938147,0.3336033688665219,-0.14823912937373843,3.388948991931161,-0.3741523924153473,3.5212036854280218,3.9922358614789695,0.9034043290251432,2.145556346807124,1.7254145719033807,2.409253362427994,1.2321482845540217,0.24040392818463655,1
0.5379565176916404,0.50564011387377,0.5469701497551382,0.39491116524393977,0.3519300176471115,0.4616155471302842,0.17868522746325466,0.18450034122344308,1.2536122993518362,-0.528433265967565,0.06936986534260023,0.07038152540045924,-0.036038331054961424,0.041605948772514084,-0.6988699416072741,-0.33286891898223486,-0.3128660017233338,-0.3824674165234968,-0.6036416172861753,-0.5193233315776903,0.6268214320918959,0.9880573612158048,0.6317916940455462,0.4811723597816723,0.3294159927371107,0.32016623694295476,0.10785130186090193,0.24991123891344708,0.9020998404996785,-0.4338522526030009,1
0.7729246968833396,1.0740311157725024,0.8080210806503401,0.6364908632945927,1.6711996711351822,0.8551194993947514,1.8399947749655257,1.7884216775293593,1.5695733490089103,0.17401697541955433,0.6446057642102163,0.3045426565948889,0.5023231976250957,0.5250682729921164,0.46156562614533053,0.2923946497413635,0.532647323929419,-0.09020104753223308,0.060630766649548945,0.023735663940148293,0.9119312314603705,1.0570087191156539,0.8174567216042596,0.7693558137820818,1.3455879362396277,0.6393878245111508,1.3218421226270984,1.0499445048970222,0.9806828033697602,0.05267206513924941,1
-0.4811496548491023,-0.551939865068953,-0.5446973794429795,-0.5025776571230112,-1.4091902658187099,-1.2805675169990955,-0.9201489186576071,-0.7937991928736984,-1.2166286343307433,-1.000548499486402,-0.12066036004360074,1.7165518837973899,-0.20244098537425165,-0.209553731693437,0.14981192451671876,-0.8159265256155989,-0.6791952077473798,-0.07782343529332299,1.619972112361099,-0.3037131429453546,-0.701668909646315,-0.9408989195433693,-0.7589554030114397,-0.6427431108199249,-2.0264872453162175,-1.316351100276698,-1.1867137170632363,-1.2885452546265572,-1.5795501269374992,-1.3849142734965987,0
1.887657453978844,0.2680340393095459,1.8087163157486141,1.944800133072822,0.07551161405913445,0.25929511884336504,0.8183014942963708,1.6684462620039051,-0.9222103835139239,-0.8574832772079662,0.8620771773778184,0.2394000862626041,0.755423033186369,0.8081244304501491,-0.4969657879729373,-0.26480925619196694,-0.023540506654060173,0.45750829403953686,-1.1964490710277564,-0.5809262426155005,1.8825177825019863,1.05364523824249,1.7486828754534305,1.925500084860648,0.2146183254795037,0.3493015405702107,0.7658193622684669,1.6974480640949439,-1.0027511794710997,-0.5432215662090222,1
-0.3390758720820284,-0.7802280543561488,-0.3651259815241584,-0.4043262492007343,0.3309892294965076,-0.44734145958626936,-0.33820693524214634,-0.37613477757571073,-0.2902882841997765,0.29991437102457646,-0.6982973628420894,-0.8123883331024506,-0.7878800156964608,-0.4801722691922932,0.6179557926044699,-0.3046490588009043,-0.2781229816114956,-0.059257016934957864,0.6733546763468747,0.3434841069459252,-0.5318162632140324,-0.9879876517676562,-0.5544337710912948,-0.5242297968966795,0.7035713526878276,-0.3049760387114292,-0.243345580417763,-0.1329084173328994,0.744933914759516,0.6739348671693288,0
-0.035802989636927726,-0.5100093813223252,-0.1036795189154789,-0.14682118558026178,-1.068553445235547,-0.9265995750328984,-0.7582498295669563,-0.4058786826747297,-0.6098398003302261,-0.7101260982611782,-0.9006761227299209,0.8098377291723425,-0.7850833324305904,-0.5804756559598456,-0.529817989242253,-0.7085803908081846,-0.6384320608747835,-0.3942261481504613,-0.38807527047105494,-0.8599727622570098,-0.2932137360829686,-0.07816607557697333,-0.3336664492597623,-0.35524174783490087,-1.0694148416240967,-0.8351118894943265,-0.8957019729327261,-0.5290370381909351,-0.6019780688336831,-1.0032491945724935,0
-1.0139263402256298,-1.022493071558887,-0.9841331131165694,-0.8904547812557355,0.16765108192179348,-0.041401297509670795,-0.31644305470718204,-0.664075774836801,0.4098526781085134,0.9365546101636161,-0.29285381337189137,-0.17258265583887358,-0.1665502167955812,-0.4179841693964108,0.15220739752593973,0.7267591642971377,0.5988387674183523,0.14497358500705806,0.12975258437831041,0.3816192423502838,-0.8573671688759075,-0.7121822201682625,-0.7691089592060572,-0.771487789973954,0.04029594186610134,0.2827970431601698,0.0830664353352437,-0.31983207760943566,0.17913658209492778,0.7088879467753774,0
-0.3117539907806676,-0.1815539253070742,-0.28799729739603047,-0.40891491385644513,0.8684694586953511,0.4987385614948565,0.07869228744983559,0.18200085339999622,0.8048039901798554,0.34426458993089215,-0.3511663374073683,0.5017309776007245,-0.15443125597680946,-0.4019356275136024,0.30380661796663677,0.7627256527635392,0.553612939514149,1.0918609212836772,0.9486703910292297,0.7061345772816052,-0.44082377405388107,-0.16057135696947486,-0.39748880248307006,-0.5143394771735884,0.10832418912986783,0.06871589911641925,-0.08808943538911235,0.16916021767398315,0.3253008930332801,-0.040348227360717914,0
-1.1868738488632413,-0.8594300792108902,-1.161726852468002,-0.9995030471914493,-0.05850943010473242,-0.3589886853985872,-0.8006893966101366,-0.6145859159325511,-1.5218182845676902,0.902218956816791,-0.559719364546015,-0.015888365039593663,-0.440625176850883,-0.5289197151613236,0.6203512656136908,-0.2830691657210632,-0.6593976764595135,-0.7584373882803898,-0.26506186603851356,-0.10827057399801629,-1.0373300918815405,-0.4733750781736658,-0.9747909975484442,-0.880451829681801,0.4314583636327604,-0.1941352096946945,-0.8969178343094566,-0.7358493759208947,-0.6349829132391182,0.46252511148758707,0
-0.7297787746914819,-1.0341404281551727,-0.7317838799178737,-0.694221886861518,0.3868313312314521,-0.4723994942823558,-0.5591103226720335,-0.48636219058972185,0.2590530862267277,-0.1321426002562982,-0.5377664143208943,-0.3292769466381535,-0.5757982013679536,-0.4611146257064583,-0.08802432425593232,-0.7334802674387704,-0.347010004247037,-0.25420440969779134,-0.4372806322440716,-0.3686162099316189,-0.7522202925130659,-0.7760883567583657,-0.7844843443007631,-0.6838390944969063,0.3039054000131974,-0.6127968552950469,-0.44770381950667976,-0.27526947699950943,-0.3803741135400529,-0.32673797639091745,0
-0.4456312091573336,-0.06973930198273333,-0.413380850568423,-0.47963433384445747,-0.5694646609794778,0.005002470446044674,0.16296686929911372,-0.12093707080177586,-0.9976101794548172,-0.10925216469174846,-0.1810309731626827,0.4453914573133429,0.13549157591842484,-0.28317641758082046,1.0039691575189313,0.93038482207615,0.9007436318384638,1.2311090589714155,0.689756463604547,0.15244174592985912,-0.6066323098568238,-0.5675525426222391,-0.5483416373745247,-0.5890284433583101,-0.9418618780045337,-0.3467788656548836,-0.17460264873339043,-0.32656132937939103,-1.2337850903091396,-0.6768325317998831,0
-1.0057297758352217,0.8667081683586205,-1.0094471427791345,-0.88883525255372,0.4007918566651887,-0.6600563318952688,-0.7807391727864195,-0.7498082071810318,-0.41595461076793006,0.422950462184031,-0.43280387105703594,-0.14441289569518279,-0.2947315331479757,-0.42219691164064804,1.1124498637936513,-0.6145141902037494,-0.4200901499995242,0.12331276358896555,1.6562903555745159,-0.6667302972753075,-1.1000138066363117,-0.2665210044741204,-1.0972138750949707,-0.9039839697126039,-0.7420289016672186,-1.0692077203776702,-1.096880266882502,-1.2447303486577372,-1.0671892090245667,-0.9085376240270728,0
0.4341333687464707,-0.344616917655071,0.44413190425096744,0.31717378754719344,0.09366029712299223,0.4764647528761135,0.12113185449301588,0.43269948209172643,0.11184396081831842,-0.2551786914157528,0.31839864445881344,-0.42276533811502737,0.29956366084948977,0.25184184743730376,-0.39293381728677024,0.8341052991045518,-0.14154697151668322,0.17282321254460564,-0.049495519223392986,0.13007402227922554,0.8189166869855495,0.24809156911987068,0.8290607858266793,0.6926205745512035,0.3336677581910956,1.937808964421472,0.5628640401527006,0.9946151014551673,1.392457528808988,1.1790632434115722,1
-0.36093337712311674,0.03974585002235007,-0.3837159720576046,-0.41647271446585105,-0.30700678282523725,-0.4584783638956411,-0.8651346650831141,-0.6960692189769221,0.1800628238124589,0.12394414762210144,-0.1594210377848296,-0.8023528560512607,-0.1511684588332939,-0.3030364881607958,-0.3453665675322399,-0.6593339681388038,-0.7658431018711283,-0.804698714023316,0.20238907080514434,-0.517489911606327,-0.3882503358724603,-0.2396131574888137,-0.370799454771505,-0.45346285405042513,-0.44015355443425314,-0.568460523688353,-0.9580382504397116,-0.7573829815847519,0.639632744513606,-0.3684561681787815,0
1.3138979466502754,-0.10701084309084695,1.2272846969365738,1.280793365246446,-0.9484929265054148,-0.43156417848132606,0.03855001890756815,0.18799962417626886,0.48525247404940575,-1.740195698665914,0.9488599337364987,0.20594849609197144,1.0695837867191471,0.7948843833968323,-0.8525224246273037,0.09817561202279451,0.23253951227371286,0.29505213340384256,-0.023721282104194042,-0.40455124137034154,1.2031071967728555,-0.012578198550288142,1.1684796643324518,1.1001699562440903,-1.2607442870534413,-0.18083431021268637,0.20839368493668461,0.1093446463854917,-0.10219042497996401,-1.0415848302694495,1
1.0215538167257192,1.1905046817353575,0.9029486918849592,0.9053326278291742,-0.5031521651692303,-0.6173648653760108,-0.3933420992640558,-0.03270515063409793,-0.979657847087938,-1.0735117628484037,0.028208083670499047,0.3661640069092127,-0.07286132738892191,0.08433519153549143,-0.5048366278603774,-0.7661267723544272,-0.4916727517816738,-0.4921640049908371,-0.7395421402783166,-0.3807167817426174,0.9200194527190512,1.494261232626887,0.7884465610482106,0.7284303528589468,-0.010725243581724116,-0.47092059415362636,-0.3186354579768376,-0.01327727475591608,-0.6318395947243143,-0.2483754269515523,1
-0.3800586940340686,-0.4447841843831262,-0.3686857669454568,-0.41890200751887435,-1.0692514715072337,-0.270635911210905,-0.18888253268280836,-0.19792129576394232,-0.850401054046407,-0.7301552293801583,-0.16833942381378486,0.07038152540045924,-0.11807437352049378,-0.22138953133200817,-0.5127074677478178,0.5109602334987277,0.3837914532778362,0.33063776859070887,-0.21234183556742442,0.10183935472022927,-0.5318162632140324,-0.7979509824339278,-0.49902436442924136,-0.5146805226812813,-1.5481636317428564,-0.46712033715876694,-0.40234283737481497,-0.47146455082576183,-1.4428157715435568,-0.7529400438453105,0
-0.13689395045196145,-0.7685806977598632,-0.1792260761896963,-0.22779762068103931,-0.8891606934120367,-0.7385715072763394,-0.7733636354940149,-0.7108161971352591,0.21955795501959377,-0.8460380594256919,-0.8317301384291512,-1.2648651054104836,-0.7221579589485058,-0.5537949550796767,-0.9202800897452674,-0.534834584985875,-0.6273502354942834,-0.8305369795720408,-0.1256466743482998,-0.5911933944551355,-0.30939017860032886,-0.9408989195433693,-0.25417860933618835,-0.3789444106195499,-0.9035959889186649,-0.28724150606875165,-0.6618824774076498,-0.6672110078673507,0.6553493370876223,-0.3876239860272599,0
-0.3636655652532527,-1.4091853105555654,-0.37778299635544127,-0.4283492582806317,1.231443119972492,-0.2819584305920996,-0.6229510389079286,-0.3686363141053698,-0.9617055147210588,0.30849828436128324,-0.6578216108645232,-0.3222345066022308,-0.6093584005583986,-0.5022390142811548,-0.3453665675322399,-0.2974557611076239,-0.4078102894427539,-0.24646840204847262,-0.9937698427722358,-0.2501772797815434,-0.4711546037739316,-0.7945875015607646,-0.4386832304726596,-0.5001860886043377,0.9756843417428959,-0.20173572368441348,-0.4537831263903317,0.015135121606117418,-0.8235820241273137,0.09269897888165864,0
-1.2527195827995197,-0.5892114061770666,-1.2155191655009527,-1.0337830713841119,-0.7642139907800978,-0.20882609229389207,-0.0641029509490132,-0.6455795649432934,0.8083944566532318,1.2369915769483295,-0.7840510746589673,-0.49671095849221575,-0.6955894679227368,-0.5925120623719519,-0.33030930861713687,0.5076402499479826,0.528454200812473,-0.49402064682667357,-0.35175702725763774,0.08863873092641264,-1.136410802300372,-0.45992115468101213,-1.0638521904555143,-0.9195015403126258,-0.3593700108085294,0.5488150328003334,0.738696300787558,-0.4977834021926983,0.11941353031366621,0.809800870154129,0
-0.9647469538831811,-0.9828920591315163,-0.9841331131165694,-0.8472673492019874,-0.5471278202854998,-1.1231659360933088,-1.0824107390905071,-1.2184621740773374,0.4206240775286407,-0.40825847925367903,-0.2815343234120634,1.2323841313277042,-0.3571907927524154,-0.3937107497986631,0.6138492674458054,-0.850233022306628,-0.9774760157592739,-1.8106891487407308,1.4231506652690324,-1.0220470877255343,-0.9766684324414397,-1.1107547036381182,-1.0072823773712187,-0.826225593958647,-1.0268971870842423,-1.1846721954048174,-1.2913245593611555,-1.712039499349078,-0.3080777876995779,-1.2541221046481608,0
1.5297408089310223,1.3395908461678119,1.504156896370879,1.4265509484278456,0.4007918566651887,1.027741516190013,1.994760147658605,1.6534493350632238,1.4044118912336219,-0.21082847250943804,0.28238208549572474,-0.04581873519226495,-0.07286132738892191,0.4357982587689948,-0.6454851145446359,0.3460677171450705,0.44668830003202625,-0.19695795309283226,-0.5532646992804681,-0.2072752524516399,1.2657909115276262,1.3075880441663217,1.1829847446104762,1.1871365607057525,-0.1807958617411415,0.8306674265857446,1.3615914368663617,0.8779747374426087,0.6270594704543935,0.04308815621501023,1
0.20736175394517942,-0.41915999987129826,0.17714799765360179,0.03942461515152655,1.461791789629139,0.5005947122130855,0.7784010466489363,0.9370961248633237,0.5247476052565406,-0.06347129356264897,3.0289019675666857,0.39961559707984534,2.5625465368163094,1.2095385842938937,1.0542740907125712,0.5126202252740998,0.9923933228231404,2.5230223364076525,3.6526221760797615,-0.33084775852153303,0.4407923431422533,-0.735726586280406,0.3910073614303404,0.13398803295040965,0.3974442400008772,-0.24417192679367755,0.2776042556121074,0.7807744340988098,0.7983703295111709,-0.6999466650877533,1
0.22102269459585983,-0.8990310916382608,0.20087990046225684,0.0566995879730257,-0.8409968806656462,0.11265921210330446,-0.29588827864638256,-0.27365577681438524,0.2518721532799758,-0.5055428304030152,-0.621462037054167,-1.2824712055002905,-0.30079101355736176,-0.43583817224103516,-0.9582654474629139,0.36156097371521295,0.11393402982295482,-0.023671381748091556,-0.7723457147936609,-0.21460893233709352,0.008072505802866269,-1.09225555883572,0.18213420542678796,-0.14430510132690877,-0.7717912598451162,0.6824574037862251,0.2995832881914645,0.35010232082167025,0.0754070711064201,-0.014979056678908502,0
3.802921333204207,-0.20950758113815962,3.802196151675611,4.954424304318387,1.2872852217074364,0.8922425137593238,2.787932682710635,2.7682209043205694,-0.584706535016595,-1.0520519795066388,8.438246108975337,0.44187023729538155,8.883516831561117,9.709247578976282,2.2349000738286096,0.12086216628621714,0.9360856695384372,0.3662234037775752,3.201573026493776,0.25181310837775517,2.373877223966804,-1.23352175550858,2.3375891347412243,2.7388936207079575,-0.7462806671212041,-0.6545996822385011,0.20558785099038376,0.6731064057795251,-1.977179919060112,-1.6143643283298497,1
-0.14782270297250538,-1.446456851663679,-0.1776439493357863,-0.2553296086153038,0.04898661573503628,-0.3047890844263115,-0.6123109195352794,-0.5778434449278808,-1.6187608793488373,0.11965219095374806,-0.6955532440639494,-1.393389636066073,-0.7133017952732496,-0.4855886520777411,-0.953474501444472,-0.4750748810724691,-0.4826874879596466,-0.7804076500044551,-0.7957768394474783,-0.38658372565098026,-0.20828741286682725,-1.5900507280638936,-0.23822302103036153,-0.31823831025023286,-0.027732305397666326,-0.047825315392604546,-0.46874757410393664,-0.5073538935988567,-0.8267253426421172,0.18571927138162517,0
-1.0111941520954937,-0.1768949826685601,-1.0090516110656567,-0.888565331103384,0.7707457806591979,-0.6821445254421893,-0.80467944137488,-0.773553341503778,-1.180723969596985,0.4858991599865441,-0.9071934048280037,0.5950433080767001,-0.8792383357148948,-0.6324328103054377,0.6692873570877755,-0.8949421341233244,-0.43596411608510555,-0.38741846141906067,-0.30372322171731236,-0.17317364098428062,-1.073727087545601,-0.21270531050350697,-1.0780671691279782,-0.8823275799741115,0.40594777090884826,-0.9535532325007801,-0.8974322371996117,-0.7358493759208947,-1.0891924386281897,-0.3081339178909243,0
-0.3554690008628443,-1.2251570763342547,-0.2935347413847166,-0.40837507095577313,-0.5694646609794778,0.5766968916604587,0.5788988084117638,-0.22366602034544594,-0.7714107916321392,0.21264458543473086,-0.7219653873035478,-1.3817696100068007,-0.24625568987288848,-0.506652363298927,-0.48533063335672116,1.6812544351362586,1.4659167262439703,0.30897694717261637,-0.91879024388002,1.3808331267433362,-0.4003826677604802,-1.3630157691253686,-0.08475927168886241,-0.4326590780811647,-0.27008293627483515,2.0898192442158514,2.3221219244833757,0.622263170184307,-0.41966559497509376,1.9119503964416122,0
0.8193718950956528,0.6291020937943965,0.7605572750330305,0.714768083892011,0.10482871746998074,-0.2520744040286188,0.013158824950109805,0.4129535282864954,0.20160562265271456,-0.9733661072534988,0.02512095004509141,-0.8569317663296616,-0.04769117799608816,0.07651152736762235,-0.8302787466845377,-0.7456535404581679,-0.3640820055088884,-0.2828276380002708,-1.0617201042683062,-0.8119371590072888,1.0534751034872727,0.5928483586191123,0.9451014280508752,0.9262367473207662,1.022453761736735,0.011078668027717193,0.527323476832889,1.254812836560106,0.48718179654564786,-0.46147646067874803,1
-0.23252053500672273,-0.8174995954642624,-0.23262285750916978,-0.38732119782957114,0.8405484078278789,0.9275093774056673,0.33103239120800443,0.5279299681650559,0.47089060815590295,0.9179561312674187,-0.43554798983517606,-0.36801036683572835,-0.6461813968923593,-0.5746580595273275,-0.04285254751062325,0.5651866314942252,0.21456898462965873,0.32909056706084516,0.09812056609565693,0.2983819756503856,-0.16986836188809673,-0.43974026944203193,-0.3267040107263107,-0.4739255845119927,0.9289149217490553,1.4197072607889638,0.9804656591604871,0.8420853946695139,0.9759678255975559,0.9986602518964851,0
-1.2805879017269075,-1.6141787866501904,-1.2669382882530378,-1.051597887106283,0.4636142211170014,-0.7166689288012417,-0.7249994565274276,-0.6995685019297478,0.014901366037170391,0.9222480879357722,-0.4653902815474495,-0.4370262791877708,-0.4718548066531027,-0.5196918035787089,0.9194431813364206,-0.6206008267134482,-0.38295105953514547,0.38788422519566795,-0.027235950802266515,-0.30114635498544584,-1.2415576786632136,-1.706090818188029,-1.241394373058534,-0.9854938460511812,0.02754064550414409,-0.8876821112565491,-0.876669065996985,-0.7808605933154847,-0.7167091946240027,-0.34703331293636547,0
-0.6013659325750879,1.2860130058248986,-0.5838550190772596,-0.5997493792439441,0.5054957974182093,-0.21068224301212074,-0.4245369946975045,-0.15018107833610528,0.03285369840404962,0.8435622156826333,-0.5168425086375762,-0.03701568514736177,-0.49236381726948586,-0.4456679041442552,0.4793605684995433,-0.29247578578150674,-0.2784224904055632,0.7654013984824248,0.051258316788021945,-0.04226745502893391,-0.6854924671289547,0.7660676235870244,-0.6800477662989867,-0.6461535658968528,-0.027732305397666326,-0.4607865755006678,-0.5388934227614597,0.08541841787009499,-0.4825319652711591,-0.07755634436070422,0
-0.5986337444449519,-0.8664184931686613,-0.6099601121667796,-0.5943509502372256,0.10273463865492015,-0.5917499854644557,-0.5805114718647484,-0.7528075925691681,0.962784515008393,-0.4182730448131696,-0.63758373487574,0.052775425310652484,-0.6899961013909959,-0.5104638919960941,-0.3251761521688062,-0.41033520183294603,-0.37636186606565886,-0.7234706337054687,-0.09167154360026428,-0.4335192769178833,-0.5459706504167227,-0.152162654786567,-0.5843142364640252,-0.5540712788197989,0.2528842145653719,-0.34614548948907353,-0.23118696665045893,-0.570758399164658,0.7433622555021137,-0.26190565131518323,0
0.5324921414313685,-1.0504467273899725,0.4718191241943981,0.3684588631110192,-0.05641535128967184,-0.3437682495091125,-0.4174032782999329,-0.08669408762055239,-0.27233595183289727,-0.5513237015321147,-0.5977940125927088,-1.0349294382376077,-0.5557553046292155,-0.39671985140168975,-1.013361326674996,-0.7235203167865359,-0.4290754138215514,-0.45735197056890264,-0.644646085430356,-0.7950696952707454,0.27093969670997065,-1.046848567048015,0.23145147837207125,0.09391518579650657,-0.4741676780661364,-0.5241241920816592,-0.21107849003530238,-0.023744999731402205,-0.20120495819626733,-0.7760541771331807,0
0.01610858483565688,0.6477378643484529,0.16014013397406618,-0.048029934757313125,0.6381207890387031,1.8054686671278033,1.4990273132510858,0.9443446395513199,0.4960238734695331,1.4759104981533175,0.9968820123539504,0.07566335542740146,1.1427636655094233,0.38464353151754316,0.851343305788568,2.491330421517983,1.0888351545128983,1.048539278447492,-0.4103348388921814,0.852074807002132,0.2628514754512907,0.623119686477583,0.32428399215142756,0.11369582524268855,1.3710985289635411,2.341902958208197,1.9456725366880028,0.9572303693998601,-0.09747544720775964,1.6526210961386745,1
-0.8281375473763792,0.4753569867234279,-0.8472791402533268,-0.7644014639488584,0.4217326448157926,-0.8120750757181926,-0.9741354334290601,-0.9495172842744442,-0.7031919286379977,-0.16647825360312235,-0.4338329155988385,0.7975134591094776,-0.44435408787204356,-0.45369217508565945,-0.0038405585033105347,-0.8905154893889978,-0.7686584845353635,-0.8577677264976429,0.7541920564025448,-0.634095421785039,-0.810859896638497,0.5238970007192645,-0.8314808044015621,-0.7414757852969882,-0.15103350356324324,-0.9130171578889456,-1.123816272766991,-1.0681248744284657,0.1099835747692557,-0.713476889451385,0
-1.96991896696023,-1.3835611260437375,-1.9215432740584308,-1.4035754583443292,1.482732577779744,-0.5169471115198425,-1.0824107390905071,-1.2184621740773374,0.4278050104753926,2.228433567337889,-0.6478741802937654,0.4982097575827632,-0.637791347094748,-0.6373877976117548,1.119294072391425,-0.8131598726566448,-0.9774760157592739,-1.8106891487407308,0.7131875882583644,0.11393992653122771,-1.7066304010373212,-1.0535755287943416,-1.6684239364435745,-1.206661857789957,1.1329996635403572,-0.8534797983028138,-1.2913245593611555,-1.712039499349078,0.0408305674435845,0.5600554787754306,0
0.21282613020545188,0.09099421904600682,0.12375121633412887,0.07208511064217354,-0.8060955670813066,-0.9282701106793041,-0.8469980979706438,-0.7338114851109712,-1.0622385759755824,-1.422590905207787,-0.7854231340480373,-0.28174047639567545,-0.762243752425982,-0.500834766866409,-1.1242375059589367,-0.9712464227312749,-0.7298421448242063,-0.8155291247323623,-0.14790624276942627,-0.8321047786922862,-0.07887587272794506,0.0025574653789468544,-0.16308670519019464,-0.18881154008081819,-1.158701916157791,-0.9817384718793213,-0.928904341297287,-0.8515925063641261,-0.40866398017328265,-1.2986590931784476,0
-0.46475652606828594,-0.5868819348578092,-0.5213610083478022,-0.4909710347585663,-0.7432732026294928,-1.2100337897064082,-1.028327495961121,-1.0579200711773389,-2.1393785179883347,-0.8403154505345537,-0.8279569751092086,-0.8977779185380133,-0.8736449691831539,-0.5800744424127754,-0.68141720968295,-1.246307059910479,-0.8990047117135702,-1.2861878301169172,-0.7700026023282792,-0.8966411616842778,-0.6126984758008337,-1.024985941372453,-0.6800477662989867,-0.5944851714813947,-0.9078477543726504,-1.3010867346806794,-1.2006961228956359,-1.2957231231811763,-1.5544035788190727,-1.248484511163314,0
1.5352051851912942,0.6477378643484529,1.4883356278317756,1.6100975346562747,0.17812147599709544,-0.015415187454470184,0.7058547781990554,1.1555513606325882,-0.8216773222594004,-1.2380367684686053,1.1841681189620112,-0.3662497568267479,1.3720916933107983,1.420175696505754,-0.1455156764772353,-0.36551542389789177,0.03815830492385943,0.5426043781820435,-0.8133501829378416,-0.6571965134242179,2.2141348541078716,0.8535181262892712,2.2882718617959417,2.5666656393230975,0.8268725508534056,0.3803369726948965,1.2208321005602656,1.8589501065738714,-0.21692155077028366,-0.43610728999693943,1
-0.2489136637875391,0.2121267276473759,-0.1997937252905308,-0.3193009923449179,0.5822786873037586,0.7437504563010343,0.10819443661945377,0.3207224276013027,0.5857855353039292,0.7462778645332971,-0.14604345874139663,-0.7044629395519353,-0.23040781803295593,-0.20614341654334026,-0.6321389077789763,-0.2249694535830298,-0.32304930072163124,-0.331564486190979,-0.38807527047105494,-0.17317364098428062,0.2042118713258592,0.36917688055375064,0.15022302881513389,0.024512424981023438,0.9034043290251432,0.7438948918697866,0.4221047038466046,0.5190813097116591,1.309159588166702,1.0606737802297963,1
0.14998580321232285,1.409474985745525,0.0921086792559227,0.013782077369613663,-0.9080074027475801,-0.5826548469451357,-0.5860733524459059,-0.4618672099199416,0.10466302787156653,-0.8303008849750632,-0.3768924509524317,0.28165472647814027,-0.34693628744422367,-0.2847812717691013,-0.7337754054559223,-0.7644667805790549,-0.3943323937097131,0.15270959265637682,-0.2111702793347332,-0.4265522810267024,0.02829305894956688,1.0906435278472866,-0.015134886354344781,-0.11326996012686477,-1.0949254343480095,-0.743272345451889,-0.5379581447793593,-0.07458823532662008,-0.28921787661075865,-0.8076247006483211,0
-0.7926191016846109,-1.4744105074947644,-0.7966510809281967,-0.7436175122729922,0.18021555481215604,-0.5095225086469282,-0.687638128275739,-0.5298532787176989,-0.1502600917381181,0.013783926467707066,-0.7634701838229165,-1.2248992582066225,-0.8191096454986807,-0.5704453172830903,-0.15304430593478663,-0.7921333101685946,-0.5935057417646479,-0.4415705149642924,-0.4197072887537084,-0.3565156381206205,-0.8189481178971769,-1.6186403154857822,-0.8602008633520508,-0.7423283990662202,0.17210067093964934,-0.6603000677307904,-0.6950848457722106,-0.403573877413324,-0.27192962477934085,-0.2066572351636882,0
-0.590437180054544,-0.3352990323780428,-0.6439758395258514,-0.5870630710781557,-1.321238955586172,-1.199268115540682,-1.0637179839199211,-1.0786908149901833,-1.5397706169345695,-0.2723465180891653,-0.6156307846506193,-0.5551632107903741,-0.6783432544498692,-0.49421474333975063,-0.7495170852308028,-1.031891455591546,-0.9420141745416736,-1.1993898242915606,-0.6844789973418456,-0.7459340400382064,-0.6672939692969245,-0.5978238704807091,-0.7305254456665121,-0.6299539042814452,-1.2947584106853245,-1.1467329630728036,-1.2551667125731576,-1.2939286560425216,-1.1552021274390585,-0.7619601934210646,0
-0.2516458519176751,-0.5472809224304389,-0.30935600992381995,-0.31606193494088697,-0.7893429365608229,-0.9947203063918886,-0.6526950089723798,-0.6045879646387633,-1.1304574389697226,-0.8388847983117699,-0.4125659950682527,-0.5886148009610067,-0.40892943317101815,-0.33954692094418487,-0.30361689508581774,-0.8020932608208289,-0.30088564996063105,-0.40938872314312597,-0.6657340976187917,-0.47422120028215076,-0.24872851916022776,-0.37078891154218346,-0.2634618607141238,-0.3138047186502267,-0.17654409628715656,-0.7844417962295334,-0.4561213213455825,-0.26480175202402334,-0.6286962762095114,-0.43159721520906164,0
0.10627079313014619,-1.3299832857008242,0.0758918790033421,-0.012670224763307182,0.17881950226878296,-0.2663667645589793,-0.08828504043230682,-0.13143491966025303,-0.25797408593939347,-0.887526973886438,0.012086385848925898,-1.0586976733588467,-0.16794855842851647,-0.09019270144004972,-0.6728619489357325,-0.41033520183294603,-0.06846682576419597,-0.47266926571455387,-0.598955392355412,-0.5530582590507769,0.0788444418163177,-1.4403758292081255,0.016776290257308896,-0.0525638597575477,-0.40188766534838377,-0.39364870192481705,-0.12596819366417458,-0.3383749047088681,-0.4400971653213153,-0.7557588405877335,0
0.28113083345885287,2.620800071759217,0.4362212699814163,0.14415413788186537,0.6311405263218357,1.952104573867864,2.0008056700294286,1.1383048946508043,1.1387173722038089,1.275619186963508,-0.5240458204301939,-0.0352550751383809,-0.2607052200798855,-0.38027009597181116,-0.7851069699392283,1.267363152476744,1.2266091997839812,0.6772109112801905,0.1016352347937294,0.8627086428360395,0.23252064573123976,2.856470986258039,0.6027815334894973,0.037813199781042264,0.4229548327247893,3.3996411551107513,4.180051635925633,1.811097649543078,1.859240328257273,3.2142344914411445,1
0.8958731627394612,1.2370941081204994,0.9385465460979409,0.866733860431137,0.6381207890387031,1.0537276262452133,1.528045820631038,1.3885036257778454,-0.979657847087938,0.14969588763221978,2.315431085250263,0.32566997670265696,2.0582113212043422,1.6187764023055071,-0.2550230140416215,0.5978331364098821,0.41344282389052583,0.6168700516155038,-1.0605485480356154,0.48795760068936106,1.3689157325757981,1.097370489593613,1.3744518042804,1.3082077159366936,0.24863244911138693,0.8110327654456373,0.995430106874092,0.8615254553382736,-1.1724903792704762,0.5138272121996895,1
-0.3172183670409401,-0.22115493773444447,-0.3860891623384702,-0.3770641827168061,-0.4138048023933194,-1.2226556145903626,-0.772638172809516,-0.48786188328379004,-1.2345809666976226,-0.5684915282055263,-0.7857661488953048,1.9665585050726453,-0.8163129622328102,-0.550585246703115,-0.8785304172988453,-1.141893577239556,-0.5752357053265261,-0.009746567979317772,0.727246263050655,-0.7378669921642075,-0.6207866970595137,-0.5036464060321357,-0.680627969510108,-0.591586284666006,-1.4771591486612996,-1.3222414986187303,-1.0653146349866167,-0.9624008521760569,-1.4443874308009588,-1.2513033079057374,0
-0.8172087948558353,2.329616156852079,-0.8583540282306991,-0.7490159412797108,-1.4845771031608852,-1.261263549529518,-1.0824107390905071,-1.2184621740773374,-2.6959008213615903,-1.084956980630679,-0.33916081775300544,4.702546459028612,-0.4103277748039534,-0.37706038759524946,0.23091579640034235,-0.9217233347659988,-0.9774760157592739,-1.8106891487407308,-0.07175508764451945,-0.7393337281412983,-0.8998303304839783,2.101369530232869,-0.9495521578646815,-0.7728519720047251,-1.6616857693642673,-1.266821084110363,-1.2913245593611555,-1.712039499349078,-2.106055978167046,-1.4001357759056843,0
-0.2516458519176751,-1.0737414405825434,-0.30184090736774605,-0.30175609807308273,-1.550191572699445,-0.983397787010694,-0.6881217700654049,-0.5565977984285815,-1.5254087510410657,-1.3481969896230006,-0.02495921765596522,-0.12680679560537603,-0.10269261555820648,-0.10543881622871763,-0.8343852718432022,-0.8386130798790213,-0.5707430734155124,-0.1366170934281458,-1.1495868217201217,-0.8632729182054639,-0.0020377707704840368,-0.5810064661148922,-0.09926435196688689,-0.10610800446531606,-1.3245207688632228,-0.830678256333657,-0.6600119214434491,-0.21515482785457543,-1.3815210605048933,-1.2304442120118058,0
1.4587039175474859,-0.10934031441010442,1.4685590421578967,1.4940313110118268,1.343127323442382,1.1261175042561296,1.5739917906492962,1.4359938944233377,-0.06767936285047385,0.4172278532928938,2.3943245001217903,-0.11272191553353061,2.0115999334398356,1.8334256499880695,-0.2954038447684889,0.35934765134804986,0.7111545651936914,0.8706111025131603,-0.19476849207706126,0.3658518305965584,1.933069165368737,0.07319056371537665,1.8328123410659727,1.9783621385530308,0.754592538135653,0.9921783488672725,1.57109370485683,1.2488312794312568,0.09741030071004315,0.8684318423965323,1
-0.6150268732257683,0.3239413509717168,-0.5735711945268422,-0.600559143594952,-0.6776587330909329,-0.04511359894612814,-0.28754545777464613,-0.2709063402085936,-0.8001345234191457,0.7233874289687464,-0.4760237418127423,0.2904577765230435,0.12896598163139375,-0.39511499721340887,-0.0685183297522761,1.4400022971154722,0.33646906381516,0.7158909495267846,-0.20882716686935154,1.5495077641087684,-0.6329190289475339,0.24977330955645202,-0.45608932680628883,-0.5912452391583132,-0.856826568924825,0.16688920481695582,-0.18535834552754407,0.015135121606117418,-0.6931343057629782,0.8977473285177334,0
1.2510576196571466,0.480015929361942,1.2075081112626949,1.1566294980919205,-0.3209673082589729,0.6806413318812611,0.19924000352405416,0.3037259104018633,0.5103857393630369,-0.25374803919296796,0.7862708961316984,0.5369431777803381,0.6747853323537718,0.9357103384184757,0.21517411662546182,0.7433590820508612,0.19480140422119901,0.9990288294918518,0.13795347800714658,0.24044590455530215,1.6520034766296023,1.4404455386562733,1.5427107355054832,1.6714211816295175,0.767347834497609,1.4425088027581205,0.8757145251652527,1.3505177506216925,1.2148600327226038,0.8351700408359377,1
-1.3098223147193628,0.5382527123433695,-1.290274659348215,-1.065363881073415,-1.1216034418837444,-0.798153945331478,-0.630810217989999,-1.090288438490977,-1.9275409960591596,0.663300035611803,-1.0097548441609896,-0.07574910534493663,-0.8144485067222299,-0.6981917106702451,-0.48053968733827923,0.06663576829071914,0.1411893300831038,-1.0172842042265964,-0.1162742244867728,0.291048295764932,-1.2951421445019697,0.3674951401171687,-1.1984593354355815,-1.0091965088358301,-0.984379532544388,-0.4196171247230234,-0.41777492407947003,-1.3286216873898467,-0.8330119796717234,0.460833833442133,0
-0.5494543581025033,0.2680340393095459,-0.5992807559028851,-0.5527830468854933,-1.090890285929524,-1.1721683150545443,-0.7942811428970638,-0.7760528293272249,-0.25797408593939347,-0.8345928416434165,-0.7566098868775665,0.6091281881485455,-0.8102534818234243,-0.5401536944792895,-0.6294012243398666,-1.0755492392838397,-0.6573011149010405,-0.7590562688923352,-0.7067385657629721,-0.827704570761014,-0.6126984758008337,1.183139251859279,-0.6771467502433819,-0.5883463523429245,-0.8270642107469273,-1.0534999914655843,-0.7558779146087306,-0.600815723737125,-0.33322433581800476,-0.8515979298301237,0
-0.5822406156641355,-1.5442946470724772,-0.6143109610150329,-0.5800451133694215,-0.18485218528004543,-0.9488733836516418,-0.8439753367852322,-0.7278127143346984,-0.7929535904723939,-0.5055428304030152,-0.7915974012988525,-0.874185744417672,-0.8158468483551651,-0.5688404630948095,-0.47609095174972604,-0.8713149178538572,-0.727625779748106,-0.8401296290571961,-0.6856505535745364,-0.46175394447687956,-0.6531395820942343,-1.24361219812807,-0.6916518305214064,-0.6139247654198839,-0.1807958617411415,-0.8344785133285164,-0.8874715266902435,-0.6615285285949439,-0.616123002150298,-0.2765633943757846,0
-0.19973427744508998,2.059397483818256,-0.2563547603178243,-0.2736842672381466,-1.4371113166861822,-1.0444651456404155,-0.9287335604241763,-0.9392693841983116,-1.399742424472911,-0.7115567504839619,-0.8372183759854315,-0.13208862563231824,-0.7091067703744439,-0.5355397386879821,-0.6766262636645082,-0.7473135322335401,-0.7526048131733416,-1.0093934764242911,-0.7125963469264264,-0.7719686036315666,-0.33972100832037944,1.6523448336655646,-0.3136494384760886,-0.3618921352349103,-0.8908406925567088,-0.6919688760212861,-0.9202997838619643,-0.8475549553021529,-0.33322433581800476,-0.7484299690574328,0
-1.2215726381159686,-0.26774436411958713,-1.2515125514274126,-1.0132690411585814,-1.832892212732603,-1.4866002467224722,-1.0824107390905071,-1.2184621740773374,-0.5667542026497158,0.26700936990053714,-0.202640908540536,6.443789757910499,-0.32223225192903493,-0.39952834623118116,-1.7816237417751426,-1.0402467475275872,-0.9774760157592739,-1.8106891487407308,2.0487616935259587,-0.770501867654476,-1.2945355279075685,-0.8366310124753064,-1.3249436354599549,-1.004421871728131,-2.575815341971135,-1.4419495939568039,-1.2913245593611555,-1.712039499349078,-1.5669768528782861,-1.0314371619967257,0
-0.3554690008628443,-0.854771136572376,-0.32794600045726613,-0.3964985271409925,-1.2270054089084526,-0.14348958701224482,0.26574074960311167,-0.37113580192881684,-1.3602472932657772,-0.4654845681650529,-0.4173682029299979,0.288697166514063,-0.26769692824456165,-0.3674312624655644,-0.1715236691487769,0.7787722399254722,1.3967301948143611,0.934046365237574,-0.2017978294732062,-0.034200407154935004,-0.4994633781793118,-1.028349422245616,-0.4584101396507727,-0.506836476004347,-1.3814944259466273,-0.147265373424761,0.27246022671055553,-0.19122859933917874,-1.425527519712139,-0.7112218520574465,0
0.8931409746093257,4.638122234235865,0.8317529834589951,0.693984132216145,0.16485897683504636,0.48760165718548504,0.6308903008008451,0.9838365471617818,-0.006641432803084283,-0.4211343492587382,0.42404721741720663,-0.6495319072717382,0.03760766161295975,0.1483287522931898,-0.7046875189153823,0.12805546397949738,-0.1981541335954541,0.3151657532920714,-0.9656524931876548,-0.3777833097884359,1.2415262477515863,3.206272997067026,0.965408540440109,0.8784903762437754,0.20186302911754764,0.7508620296936955,0.2242934106323899,1.3774347577015138,-0.08333051389114476,0.06056469601803374,1
-0.259842416308083,0.17718465785851892,-0.2175926523970214,-0.3255091857026443,-0.9017251663023993,0.3483903533183389,0.13878477981582024,-0.5103572736948127,-0.7534584592652599,0.24554958655877218,-0.45269873219855145,-0.7245338936543149,0.20867145470870102,-0.356999710241739,-0.6810749992530614,2.2705515153934557,1.323650049061874,0.3058825441128887,-0.6141856233803933,1.5927764754329448,-0.188066859720127,-0.0512582285916666,0.20534233387162704,-0.27168559845016677,-0.4954265053360636,1.961243882556439,1.7745166659636464,0.31720375661299977,-0.09590378795035819,2.3122195338657106,0
-0.36093337712311674,-0.7359680992902636,-0.3951863917484546,-0.40837507095577313,-0.10527719030774896,-0.7673418434088829,-0.6108599941662818,-0.8147948905906527,0.7150423283454602,-0.7029728371472562,-0.6122006361779443,-0.010606535012651443,-0.6410541442382635,-0.46873768310079234,-0.479513056048613,-0.2078162052375151,-0.20204774791833258,-0.8313105803369727,0.6358648769007671,-0.5985270743405892,-0.4994633781793118,-0.36406194979585693,-0.5410890972355125,-0.5035965436812656,-0.26157940536686525,-0.46965384182200665,-0.3597876891892511,-0.8477044942303742,1.0969855884174813,-0.7478662097089483,0
2.0133381079651014,0.7036451760106237,1.9629736840048702,2.201225510891951,1.0639168147676576,0.22959670735170734,1.866595073397149,2.2533264126904946,-0.3046501500932793,-0.9118480616737715,2.617284150845672,0.05453603531963335,2.2148255840930866,2.3489850579732883,1.1569372196791832,0.18670850670932174,0.5793706958039601,1.9861434055449287,-1.0968667912490324,0.16490900173512996,1.8360105102645754,0.10009841070068337,1.687761538285728,1.9340262225529679,0.39319247454689105,-0.2764741112499832,0.6292687768818223,1.6017431500333572,-1.3296563050106396,-0.717986964239262,1
-0.4838818429792383,-1.0085162436433446,-0.5443018477295016,-0.5047370287256986,-1.1516185715662772,-1.29189003638029,-0.9550920379609664,-0.9415189232394139,-0.9509341153009314,-0.7244326204890211,-1.0210743341208173,-0.9692586849026286,-1.0088179937002244,-0.653977977783108,-1.2505131545878696,-1.1401782524050046,-0.7830049557712001,-1.2286319332059856,-0.3869037142383641,-0.8907742177759149,-0.6410072502062143,-0.9139910725580627,-0.6983241674492977,-0.595849353512166,-1.192716039789674,-1.1222846430725408,-0.9993775372485452,-1.106107762196658,-0.007890869535865978,-0.9051550679361647,0
-1.2991667810118324,-0.2444496509270158,-1.2875059373538722,-1.0389115789404944,0.3589102803639798,-0.8161586072982956,-0.7547434265918788,-0.8670341861006945,-1.0945527742359642,0.9995033079661272,0.3256019562514312,0.038690545238807474,0.1611278391889036,-0.2231949922938241,-0.028479709455297434,-0.9159686966113745,-0.2742293672886172,-0.7949513443851745,-0.12681823058099062,-0.3946507735249792,-0.8796097773372781,-0.13198176954758678,-0.932146061531052,-0.7728519720047251,0.06580653459001348,-0.9503863516717306,-0.7563455535997806,-0.9565688339754289,-0.710422557594396,-0.14238866943643844,0
0.6718337360683059,0.46836857276565635,0.6972722008766181,0.650796700162397,1.140699704653207,0.7827296213838351,0.7614735840106306,1.073568160023528,0.6611853312448226,0.0996230598347669,1.3508733347340216,-0.5692480908622195,1.180985003476319,1.223581058441351,-0.2981415282075983,-0.3716020604075904,-0.15652241122006177,-0.06235141999468552,-0.6821358848764637,-0.3623825820289834,2.040238097046249,0.9678764759768246,2.0039722883466617,2.2546089997841925,2.0726398288711367,0.6514219716615393,0.904240503619312,1.42080104688567,1.1111305217340963,0.6626596801996364,1
-0.47568527858883036,-0.6893786729051218,-0.3765964012150085,-0.5041971858250267,-0.043152852127622744,0.8829617601681807,0.7844465690197597,-0.0072103748349389,0.9735559144285203,1.5231220215052008,-0.07160923688434673,-0.03173385512041955,0.9707676446583917,-0.22901258872634214,0.10772004164040787,2.7209626171111627,2.359051950153467,2.3992462140185524,1.3844893095902342,2.1406023628763284,-0.5237280419553524,-0.8029962037436724,-0.29305222448129403,-0.5324148890813065,-0.605972407139685,0.9573426597477273,0.9982359408203928,0.2947729173798158,0.5107566854066724,1.100136934623722,0
-0.15055489110264136,-0.878065849764947,-0.19742053500966525,-0.23805463579380465,-0.106673242851123,-0.6910540488896868,-0.513527083996025,-0.28590326714927533,-0.3369643483536623,-0.8589139294307511,-0.30451631817898683,-0.9926747980220715,-0.43130289929798155,-0.2891946207868735,-0.15372872679456415,-0.7224136556029545,-0.43536509849697036,-0.10412586130100687,-0.1783667048193889,-0.7316333642615719,-0.3073681232856589,-1.135980810186843,-0.4006799201442354,-0.3571174981272113,-0.16804056537918544,-0.7971093195457316,-0.5744339860812713,-0.3329915032929039,-0.590976454031872,-1.059061370072473,0
-0.20246646557522643,-0.2491085935655299,-0.22827200866091643,-0.29257876876166133,0.4496536956832648,-0.4061349136415941,-0.6019126210574632,-0.5236045591590817,-0.6206111997503535,-0.7873813182915332,-0.40467665358110005,0.2605274063703722,-0.38329316990053913,-0.3287141551732892,-0.35426403870934625,-0.5879543217977913,-0.41679555326478096,-0.36158019587033613,-0.19476849207706126,-0.7231996323933002,-0.25681674041890806,0.02273835061792705,-0.299724561409185,-0.3298338575117879,0.09131712731392562,-0.5057562832731716,-0.6455151127208945,-0.5290370381909351,-0.35837088393643074,-1.0066317506634008,0
-0.1041076928903287,1.0204532754295892,-0.03208827877603706,-0.1773223094682215,2.5507127734605626,1.3599924947529354,0.8013740316580651,1.075067852717596,1.5803447484290376,1.6604646348924994,0.5207774043466448,1.2411871813726074,0.46037294863703915,0.22295447204824873,0.6518346251634518,0.30678124512792415,-0.045404648620993006,0.18674802631337942,-0.06121108155030163,0.2628136282059354,0.5722259385958052,2.6983873852193625,0.5969795013782878,0.4436573539354651,3.862633084999003,1.6844584980975075,0.8813261930578548,1.2981791257442625,2.398319453546033,1.3932917958357378,1
0.849425964527149,-0.5333040945148966,0.8159317149198917,0.7144981624416753,0.3519300176471115,0.010570922600730427,0.44831552520197826,0.8693600048479109,0.0077204330904185004,-0.9261545839016155,-0.35562553042184586,-0.6482994802654517,-0.3394784654019025,-0.1600038586302661,-0.739935193193919,-0.5813143546963018,-0.2790215079936983,0.1418791819473304,-0.7688310460955884,-0.5233568555146898,0.7036595340493577,-0.12020958649151506,0.6666038867128055,0.5613180540894784,0.41870306727080436,-0.09152827083348865,0.2883599524062608,1.064898397719145,0.36459237446832093,-0.15535513445158575,1
-0.07951799971910439,-0.030138289555363074,-0.14402375369019177,-0.16355631550108926,-1.1062468639066347,-0.9330961025466984,-0.7202839490781854,-0.701068194623816,-0.8324487216795278,-0.9533369761345186,-0.2791332194811909,-0.5257610236403968,-0.4033360666392773,-0.2647205944155908,-1.1002827758667273,-0.8142665338402264,-0.5192275608358903,-0.8398201887512233,-1.1577877153489577,-0.5765260346842285,0.008072505802866269,0.10346189157384723,-0.10216536802249161,-0.10627852721916249,-1.0779183725320678,-0.7185706749853025,-0.5089645273342498,-0.4932972343460613,-0.8644451648197561,-0.4428724021787549,0
-0.38825525842447706,0.4753569867234279,-0.40942553343364746,-0.42133130057189777,-0.5771429499680326,-0.6964368859725498,-0.7061374267304587,-0.5026088614421271,-0.4195450772413065,0.03810501425503963,1.0912110953525158,0.9207561597381249,1.0239046267099303,0.24161090198701346,-0.8035863331532184,-0.4225084748523436,-0.32574487986823936,0.90774393922989,1.5496787383996473,0.7648040163652341,-0.5297942078993624,-0.38760631590800043,-0.5477614341634034,-0.5342906393736169,-1.6102394073710433,-1.0461528279421892,-1.0488069786025462,-0.9982901949491516,-1.142628853379845,-0.8555442452695163,0
-0.4292380803765177,-0.5169977952800968,-0.4647999733205081,-0.4604699108706069,-0.6930153110680427,-0.9137921350771209,-0.7237903520532629,-0.6505785405901873,-0.042546097536842735,-0.6214256604485477,-0.836189331443629,-0.9817590159663914,-0.8414831116256439,-0.5674362156800637,-1.0373160567672053,-0.9404812418277066,-0.6012929704104046,-0.744976734970575,-0.5181180122997416,-0.7888360673681099,-0.4104929443338305,-0.614641274846526,-0.47291521992879715,-0.4422083522965629,-0.39338413444041326,-0.6539663060726912,-0.4088897832495171,-0.23893151744175076,0.5720513964453363,-0.5967787043150631,0
-0.4292380803765177,1.071701644453245,-0.43592615823664527,-0.4510226601088495,-1.1676731758150733,-0.5241860993209342,-0.42489972603975396,-0.7095664532235357,-1.0658290424489576,-0.345309781451167,-0.576527092062123,-0.2799798663866946,-0.6881316458804156,-0.46332130021534446,-0.5989444960797717,-0.143629856589783,-0.0741574928514798,-0.4660162991361395,-0.8028061768436235,-0.14017208149973953,-0.4388017187392111,0.9258329650622829,-0.5004748724570437,-0.45840801391197056,-0.38488060353244213,0.5728833271011099,0.5376115346359923,0.0525198536614245,-0.12576531384098852,0.674498626517814,0
-0.9893366470544055,-0.2444496509270158,-1.0106337379195673,-0.8707505153812131,-1.0008448968819257,-1.093467524601651,-0.8414362173894864,-0.9407690768923798,2.0147911917075145,-0.70440348937004,-0.7929694606879226,2.3186805068687795,-0.7664387773247876,-0.571448351150766,1.3006656002324402,-0.6764872164843184,-0.3805549891826049,-0.09174824906209678,-0.3904183829364366,0.2576800522861182,-1.0979917513216415,-0.41955938420305233,-1.1189714955120074,-0.8978451505741334,-1.437617729939235,-1.2004432619334842,-1.1049236575285646,-1.3797640008415069,-0.3253660395309966,-0.931651757314943,0
-0.19153771305468204,0.6826799341373099,-0.2160105255431114,-0.27665340319184184,-0.575048871152972,-0.49281715218287037,-0.5079652034148675,-0.372635494622885,-0.006641432803084283,-0.7759361005092579,-0.6146017401088167,0.22531520619075868,-0.5529586213633451,-0.42941875548791175,-0.8432827430203086,-0.6482673563029878,-0.35000509218771264,0.02119746261795745,-0.4794566566209429,-0.6722305571893978,-0.24670646384555778,1.0116017273279483,-0.2588202350251561,-0.3308569940348663,-0.6612453580414954,-0.5310913299055682,-0.22417238178470678,0.2050495604470783,-0.055040647257915,-0.8296113152392225,0
-0.6423487545271286,-0.1000224291330754,-0.6669166789075508,-0.6356489321386223,-0.4919837448222419,-0.6409379794975141,-0.7597007549359539,-0.8702835202711755,-0.9976101794548172,-0.2909449969853617,-0.6543914623918481,-0.6335103561900141,-0.6885977597580608,-0.491205641736724,-0.47985526647850174,-0.4573683021351636,-0.3649805318910912,-0.7667922765416539,-0.5087455624382147,-0.3180138187219891,-0.6207866970595137,-0.13702699085733197,-0.6585802474875105,-0.5909041936506204,-0.15953703447121434,-0.42405075788369284,-0.6034276035263806,-0.6782768885557217,-0.5831181577448639,-0.22300625626974285,0
0.0926098524794658,-1.2554402034845968,0.058884015323805945,-0.052078756512352005,0.9871339248821083,-0.20622748128837198,-0.24873320415396,0.40495516725146513,-0.5775256020698432,-0.19938325472716267,-0.3669450203816738,-0.8868621364823329,-0.3627841592841562,-0.31908503004360417,-0.26905364166705825,-0.720753663827582,-0.4937693133401467,-0.053068210815502816,0.18364417108209033,-0.08296937839320136,-0.1152728683920056,-1.492509782742157,-0.13987857674535556,-0.24371986681935784,0.12533125094580885,-0.6786679765392779,-0.6492562246492957,-0.1134683566641397,-0.471530350469348,-0.326174217042433,0
0.9532491134723182,0.3192824083332018,0.9899656688500266,0.8103202773109287,1.0988181283519982,1.1688089707753877,1.1604780604849751,1.4159979918357617,0.5750141358838019,-0.13500390470186682,1.3663090028610598,0.30806387661285023,1.22060468307615,1.049253772239345,0.7247254467297463,1.3282295175737318,0.5817667661565008,1.0377088677384458,-0.3189534527422935,0.43222163355991366,0.8290269635588992,-0.11684610561835179,0.7246242078249033,0.6977362571665954,0.42720659817877543,0.6007518783967463,0.3842259455715422,0.5534752632025417,-0.6962776242777816,-0.36676489013332747,1
-0.8363341117667871,0.7152925326069094,-0.8259204277255379,-0.7695299715052412,-0.006855485999909141,-0.40075207655873113,-0.4991387407534653,-0.6543277723253578,0.7868516578129772,0.4172278532928938,-0.4561288806712266,0.4260247472145557,-0.4322351270532717,-0.47656134726866134,-1.1718047557134672,0.2752414013958488,0.05433177980350823,-0.22635478216024352,1.009591315129155,0.342384054963107,-0.8796097773372781,0.4129021319048743,-0.8738356388133938,-0.777967654620117,-0.9801277670904025,-0.48612162213306437,-0.5599371773587164,-0.753046352666336,0.4133138114477714,-0.2010196416788416,0
-0.27896773321903534,-0.16524762607227444,-0.2527949748965259,-0.347912666080526,1.3989694251773264,0.3632395590641677,0.3999513462353912,0.6161618883327339,1.1387173722038089,0.7391246034193741,-0.4317748265152333,-0.5833329709340648,-0.47744817318484356,-0.34817301220619434,-0.13251168014146447,-0.1203899717345696,-0.10740296899298017,0.06916071004373385,-0.35995792088647394,-0.05363465885138707,-0.14155958748271616,0.3607681783708422,-0.14858162491217017,-0.2275202052039502,1.991856285245414,1.023847157157768,1.04967622983591,1.4103333219101843,1.562196728608365,1.9175879899264587,1
-0.9674791420133171,1.3628855593603826,-0.963565464015735,-0.8542853069107216,0.05666490472359112,-0.5789425455086783,-0.7947647846867298,-0.8147948905906527,0.3093196168539899,0.0981924076119831,-0.5600623793932825,0.47180060744805324,-0.663893724242872,-0.500834766866409,0.09232057229541608,-0.8402730716543938,-0.6537070093722296,-0.8444617933408146,0.12623791568023754,-0.4291190689866112,-0.8331025050998673,1.5783482544559704,-0.8686138099133048,-0.7453978086354554,0.7715995999515952,-0.7293380698040708,-0.7652306944297336,-0.7944686357836166,0.7905120332241627,-0.13618731660310737,0
-0.35820118899298026,-0.26774436411958713,-0.31331132705859555,-0.4599300679699349,1.8177851881894127,1.1613843679024731,-0.49901783030604885,0.10701621869658727,-0.36568808014066884,1.4201150614647275,0.10161326098574633,-0.09863703546168522,0.11871147632320228,-0.14515895738866844,-0.5633546113713463,-0.12426328587710501,-0.5566661600943367,0.11402955440978285,-0.2744343159000405,-0.17977395288118894,-0.266927016992258,-0.24129489792539505,-0.24982708525278086,-0.37195297771184765,0.5887736854302218,0.26062887735682283,-0.7086463765126652,-0.07309284604440774,-0.5092501726469874,0.2843771573664383,0
0.45325868565742305,1.067042701814731,0.4480872213857436,0.3217624522029043,-0.8200560925150422,-0.06181895541018565,0.1191972873343523,0.12226309441961372,0.12979629318519764,-1.3195839451673137,-0.033191573990385526,-0.2588525462789265,-0.008537612273902161,-0.10082486043741029,0.9752234814082797,0.31674119578015864,0.5353429030760272,1.2713362987478731,1.0904286951848252,-0.2886790991801748,0.0950208843336776,0.3119977057099739,0.1183118522034802,-0.02783806044982026,-0.7930500871150434,-0.3961822065880568,-0.20546682214270065,-0.03869889255352512,-0.15248352121681683,-1.1847797047845494,1
-1.5355010542685998,-1.4604336795792219,-1.4967422137835111,-1.1935765699829795,0.5473773737194181,-0.5050677469231794,-0.7722754414672668,-0.8410395127368459,-0.47699254081531967,1.2384222291711153,-0.9819706415323213,-0.9608077568595212,-0.8633904638749624,-0.6891242845064584,0.33460555665662034,-0.43800173142248583,-0.4380606776435785,-0.6781376288804607,-0.5368629120227957,0.049770227533508515,-1.394627265983735,-1.2368852363817433,-1.2944829668761035,-1.0525092883128149,1.375350294417526,-0.19920221902117377,-0.4710857690591874,-0.4391641423299764,0.12098518957106766,1.184700836896418,0
-0.8336019236366511,-1.2344749616112831,-0.8358087205624773,-0.7527948415844137,-1.606731700706077,-0.7961121795414265,-0.5377091734793186,-0.8507875152482891,-0.4339069431348093,-0.25374803919296796,0.03163823214317416,-0.7321045166929318,0.19049301348054318,-0.2560945031535813,-0.47164221616117286,0.4611604802375558,0.3718111015151334,0.4652443016888559,1.2321869993404204,0.3819859263445566,-0.8593892241905778,-1.6791829712027222,-0.8210371466013845,-0.749149309220076,-1.8330319171598803,-0.8192774853490786,-0.729690131109922,-1.1255478228654179,-0.5186801281913971,-0.7726716210422726,0
-1.7759336097205713,1.4141339283840393,-1.7415763444261323,-1.3309665882039654,-0.6336830779746645,0.3038427360808521,0.03625272040665531,-0.8775320349591716,0.8119849231266073,2.1325798684113364,-0.6633098484208034,0.44715206732232377,-0.6881316458804156,-0.5993326926721454,2.9261651422037973,2.1598853970352967,1.793579346953893,0.29969373799343363,0.06414543534762142,1.3793663907662455,-1.5553806635000027,1.02337391038402,-1.5500624813748947,-1.1411811203129407,1.1840208489881814,0.32586662243524406,0.29537453727201307,-0.9643448582429327,-0.18234504710744717,1.2805399261388084,0
0.6308509141162657,-0.25143806488478737,0.5627914182942411,0.4712989356890067,0.0769076666025085,-0.3498935468792669,-0.37363369633517146,-0.009959811440730708,-1.1340479054430992,-0.9547676283573024,-0.2540931356306627,0.3767276669630968,-0.26909526987749693,-0.1610068924979417,0.11559088152784827,-0.41420851597548164,-0.42877590502748386,-0.21242996839146974,-0.4173641762883268,-0.6557297774471271,0.3558660199261116,-0.059666930774575064,0.2691646870949348,0.19810458839665465,0.08706536185994065,-0.5513593672114854,-0.5136409172447514,-0.34779585718680545,-0.8047221130384941,-1.0821755033603437,0
1.6417605222666,1.7379304417607753,1.6346823618184794,1.5399179575689341,0.2297754201019197,1.1762335736483018,0.9017297030137336,1.9433899225830713,0.2303293544397211,-0.34387912922838315,1.9315974711579178,1.1742840010313418,1.9607935207765228,1.2436417357948615,0.5200836096562997,1.1732969518723089,0.7908239044156653,2.1130139309937572,1.9444931888164707,0.18214314946594598,1.5812315406161517,1.3462680742077007,1.5107995588938294,1.3269652188597973,-0.16804056537918544,0.5488150328003334,0.4403426244975606,1.5060382359717708,0.5736230557027377,-0.42652338107270027,1
-1.0658379146982149,1.9196292046628294,-1.0561198849694884,-0.9233851981967185,-0.3809975676240385,-0.500241755055785,-0.35706896503911534,-0.5341024080175588,-0.7821821910522665,-0.1907993413904569,-0.6622808038790008,1.7852156741476355,-0.6918605569015762,-0.5445670434970619,1.75580547198442,0.10094226498174838,0.46136423094133716,0.852044684154795,-0.2428022976173871,0.4212211137317331,-1.1182123044683419,1.5312595222316834,-1.1125892601896767,-0.9126806301587699,0.2826465727432702,-0.531724706071378,-0.35604657726084976,-0.34719770147392054,-1.0687608682819685,-0.05951604520919549,0
0.13632486256164247,-1.2554402034845968,0.23133584240003024,-0.019958103922376975,0.5124760601350775,1.4862107435924814,0.6707907484482795,0.3562151546942495,0.9879177803220242,1.6390048515507345,0.4569766427548879,0.503491587609705,0.873349844230572,0.15735605710226958,1.0460610403952422,1.488695389193062,0.6033313993293659,0.6338892684440055,0.7061582508622194,0.6067632148337092,0.018182782376216573,-1.2553843811841416,0.17923318937118282,-0.1425998737884448,-0.023480539943680184,0.6875244131127042,0.21400535282928662,-0.05514817465786037,-0.12419365458358707,0.4619613521391019,0
1.4996867394995261,0.5382527123433695,1.484380310697,1.4319493774345642,0.1543885827597444,0.5637038366328582,1.1701508962782927,1.5384728951846631,0.9735559144285203,-0.7802280571776112,0.7190399860672665,1.8644431245517659,1.049540889980409,0.5226609917096952,-0.7402774036238078,0.45064719899353095,0.32388969446432214,0.9835568141932143,1.998384775520251,-0.18380747681818832,1.2900555753036669,1.4892160113171415,1.441175173559312,1.1035804113210184,-0.42314649261831094,0.5754168317643497,0.922478424270268,1.6600633320396367,1.7900873209316017,-0.2652882074060914,1
-0.38825525842447706,2.3435929847676213,-0.43592615823664527,-0.4199816933202181,-0.9073093764758935,-1.1357877609772633,-0.8409525755998205,-0.8437889493426377,-0.9760673806145616,-0.8918189305547904,-0.5902476859528235,0.24996374631648813,-0.6732160017957733,-0.4583061308769668,0.6555989398922278,-0.7307136144798163,-0.5797283372375396,-0.3710181252025048,-0.17953826105207973,-0.756567875872114,-0.5055295441233222,1.7145692298190858,-0.5750309850860897,-0.5083711807889646,-0.35511824535454445,-0.9408857091845818,-0.8866765404054583,-0.7403355437675317,-0.7842905426922729,-1.0737191131330743,0
-0.5713118631435916,-0.3842179300824421,-0.5656605602572912,-0.5865232281774839,0.4985155347013419,-0.11045010422777538,-0.5040960690975406,-0.38713252399887743,0.45293827578902374,-0.1421571658157888,-0.4420652719332587,0.75173759887598,-0.49049936175890557,-0.38889618723382063,0.4198159536989087,-0.5104880389470798,-0.4254813082927406,-0.6482766393540903,-0.04129462559455681,-0.7301666282844813,-0.5682132588780929,-0.0008060154942164117,-0.5683586481581984,-0.5683951901428961,0.4867313145345708,-0.49182200762535344,-0.5416992567077605,-0.7750285751148569,0.22471470055957532,-0.7371547820877403,0
-0.12050082167114508,1.0251122180681032,-0.15153885624626567,-0.19837618259442355,-1.0699494977789201,-0.6582001811770402,-0.5144943675753568,-0.6325822282613692,-0.13589822584461433,-1.1893945928939371,0.0745150880516129,-0.2958253564675209,-0.04303003921963734,-0.033621591303150185,-0.8788726277287341,0.06276245414818354,0.032168129042507834,-0.2526572081679274,0.6417226580642212,-0.25751095966699705,-0.2750152382509383,0.09000796808119357,-0.28783039558120505,-0.31857935575792573,-1.6187429382790144,-0.7014695185084348,-0.6558031705239978,-0.7989548036302534,-0.38194577279745523,-1.1656118869360712,0
-0.33634368395189196,-0.25143806488478737,-0.32399068332249,-0.3732852824121029,-1.5529836777861923,-0.4555085227464752,-0.5918770539218963,-0.7478086169222742,0.22673888796634567,-0.5169880481852897,-0.6080844580107341,0.13024226570580222,-0.2443912343623082,-0.42921814871437663,-1.1259485581083803,0.6415462531613553,0.056428341361981244,-0.16291951943582966,0.6815555699757109,-0.030900251206480923,-0.452956105941901,-0.20093312744743524,-0.33685756692092766,-0.46198899174274494,-1.6353248235495577,-0.14663199725895099,-0.5412316177167104,-0.7238862616631965,0.473036863229033,-0.6435707302392886,0
1.5024189276296624,0.43808544561531426,1.4883356278317756,1.4562423079647975,0.9661931367315044,1.0463030233722985,1.3043614929105722,1.9783827521113293,0.9268798502746345,-0.3739228259068539,1.1409482482063051,-0.7713661198932007,0.7754659299251072,1.0516610535217663,-0.2632360643589503,0.803672116556058,0.17024168310765816,1.3734515997188814,0.2340210890877978,0.2866480878336599,1.4558641111066095,-0.0462130072819214,1.2932233547234624,1.3917638653214277,0.5377524999823963,1.0738838742567511,0.814921456328733,1.921756456426787,1.1111305217340963,0.20826964532101166,1
1.3603451448625885,1.2650477639515847,1.5832632390663948,1.2403051476960574,0.11460108527359615,2.640736490330681,1.414390000059558,1.5759652125363672,2.1045528535419105,2.2026818273277704,1.8609364126208106,4.125066376082952,3.798214426453393,1.4964062704490932,-1.2936316687538467,3.1780136859303596,1.6851571635014324,4.517365108402036,2.851277712919205,3.3187580364744487,0.9281076739777312,0.6954345252505947,1.270015226278623,0.7488930833205143,-1.192716039789674,0.8572692255497608,0.41041372907035073,0.9303133623200389,0.4243154262495825,1.0381234062904106,1
-0.6396165663969926,-0.4447841843831262,-0.6657300837671181,-0.6229626239728338,-0.8402988543939596,-0.8744417398506742,-0.757403456435041,-0.6485789503314298,0.2303293544397211,-0.7802280571776112,-0.7065297191765098,0.022845055157981197,-0.7864816740635256,-0.5562022363620979,0.23125800683023112,-0.5829743464716741,-0.5545695985358636,-0.4834996764236,-0.30255166548462153,-0.7353002042042988,-0.6693160246115946,-0.009214717677124876,-0.6838190871712733,-0.6395031784968433,0.21887009093348866,-0.5013226501125022,-0.6759116471391544,-0.3452536954070447,0.30644098194445996,-0.7788729738756044,0
-0.6915281408695773,-0.5356335658341532,-0.7385079190469926,-0.654543433662137,-1.4063981607319629,-1.247899264358272,-0.981982521466389,-0.9280216889928004,-0.5021258061289507,-0.7573376216130615,-0.20435598277687356,-0.9729559659214879,-0.3245628213172603,-0.3124650065169457,-0.11505894821714019,-1.0261368174369216,-0.7992982341684759,-0.8365710655385094,0.19418817717630815,-0.4111515532672499,-0.624830807688854,-1.0199407200627082,-0.7052866059827494,-0.5973840582967834,-1.3678887764938739,-1.2046235446278297,-1.148881722687279,-1.0747045872701997,-0.2750729432941438,-0.8814771752998093,0
1.7073330373898654,0.5615474255359408,1.638637678953256,1.69917161326713,-0.29723441502162185,0.1776244872413061,0.10239073514346321,0.7273890964761236,-0.6924205292178703,-1.006271108377539,0.5663983790332237,-0.5426628797266113,0.6044021368293662,0.6185510294594752,-0.24338785942540536,-0.35832212620461135,-0.2661426298487928,0.44977228639021816,-0.7090816782283539,-0.6905647569030318,1.6054962043921917,0.09505318939093876,1.5456117515610879,1.512835020552369,0.04029594186610134,-0.10989617964197604,-0.027764005543642525,0.9273225837556143,-0.46681537269714274,-0.9322155166634282,1
-0.9264963200612765,-2.250124456807378,-0.9335050537914393,-0.8256736331751134,0.012689249607321706,-0.8569939230993251,-0.7763863966794265,-0.794049141656043,-1.543361083407945,0.19976871542967267,-0.8238407969419985,-1.4412782283103471,-0.8368219728491934,-0.604347862010523,0.3044910388264143,-0.8698209252560221,-0.6483158510790133,-0.9838646511815391,-0.9328489186723102,-0.6120943821286783,-0.9645361005534194,-2.3182443371037564,-0.9939377035154364,-0.8165057969894025,0.503738376350513,-0.8186441091832686,-0.8017065357316454,-1.0237118127467606,-1.2825065272885905,-0.38875150472422876,0
-0.15055489110264136,-0.7056849721399215,-0.20414457413878415,-0.24750188655556205,-1.319842903042798,-0.7970402549005409,-0.857880038238126,-0.7878004220974255,-1.6438941446624684,-0.4397328281549346,-0.7744466589354769,-0.5310428536673388,-0.6862671903698353,-0.5427615825352459,-0.8357541135627569,-0.7617001276201009,-0.6543060269603648,-0.5797356115811259,-0.8496684261512585,-0.4540535805971534,-0.3437651189497194,-0.43974026944203193,-0.34352990384881904,-0.402647073404199,-0.971624236182432,-0.6127968552950469,-0.8003036187584951,-0.4280982616416054,-0.8801617573937724,-0.20496595711823415,0
-0.6532775070476725,-0.491373610768268,-0.6768049717444903,-0.6251219955755212,-0.3412100701378903,-0.7649288474751857,-0.7374532326113239,-0.8090460685967248,0.12979629318519764,-0.345309781451167,-0.23728540811455462,-0.149694725722125,-0.3245628213172603,-0.33192386354985093,-0.498334629692492,-0.3262289518807452,-0.3547972328927938,-0.9755097629202748,-0.6715918787822459,-0.2633779035753599,-0.5904558673394635,-0.22111401268641542,-0.6359523222537924,-0.5641321212967362,-0.3126005908146901,-0.5215906874184194,-0.6137156613294841,-0.9111089997961752,-0.19963329893886586,-0.15084505966370798,0
-0.7079212696503936,-0.23513176564998758,-0.7313883482043966,-0.6769469140400188,-0.7453672814445534,-0.8349057295524047,-0.6753052626392593,-0.774303187850812,-1.0586481095022058,-0.5742141370966635,-0.7936554903824575,-0.8088671130844892,-0.7543198165060158,-0.5760623069420733,-0.07194043405116334,-0.4717548975217243,-0.35449772409872626,-0.6507521618018722,0.08640500376874788,-0.3744831538399818,-0.7279556287370257,-0.3001558132057537,-0.7322660552998747,-0.6782118436199752,0.10407242367588286,-0.46965384182200665,-0.42151603600787124,-0.4726608622515318,0.47775184100123824,-0.29629497157274665,0
1.5133476801502064,0.10497104696154913,1.5160228477752056,1.4643399514748752,0.728864204357989,1.5103407029294533,1.8399947749655257,1.2160389659600048,-0.27951688477964814,0.6246724255966264,1.2112662918961448,-0.7835143289551674,0.556392407431924,1.0271870271504835,0.5347986581415141,1.3852225685281834,1.059183783900209,1.238845066620734,-0.6833074411091545,1.2722946644386228,1.8016355699151851,-0.036122564662431605,1.50499752678262,1.7737348339373553,1.6687221107425214,2.1569571177917024,2.6784628356635922,2.0369014311571334,-0.24678307666091487,2.5828240211383413,1
0.01884077296579286,0.06537003453417804,0.21591010557440465,-0.09067752391038948,-1.2137429097464034,2.223102578729242,2.5485299968260287,0.7306384306466044,-0.38364041250754805,2.1583316084214546,-0.17211258713372746,0.46651877742111103,0.22265487103805304,-0.247869625438642,-0.5547993506241287,2.7071293523163926,3.3204751791103693,1.7354967577070002,0.6042328586181133,3.3700937956726236,-0.2163756341255072,-0.34892628586662194,-0.026738950576764522,-0.3134636731425338,-1.796891910801004,1.0409483136346358,1.8806707169320314,0.5385213703804188,-0.7984354760088873,1.370741421896352,0
-0.05766049467801606,0.0583816205764073,-0.04949167416905043,-0.17273364481251066,0.7149036789242524,0.1813367886777632,0.2790408988189232,0.39695680621643514,-0.5093067390757027,0.40578263551061944,-0.6591936702535932,-0.4784006143988166,-0.6149517670901394,-0.45650066991515087,-0.5493239837459092,-0.42195514426055286,-0.32304930072163124,-0.3304814451200744,-0.9691671618857274,-0.34588180228671284,0.13546199062707812,0.8400642027966181,0.17343115725997335,-0.04011569872676086,1.2563008617059341,0.6450882100034402,0.6114984952219163,1.0200367192527764,0.42903040402178777,1.218526397805497,1
1.0625366386777595,0.5755242534514831,0.9899656688500266,0.9730829118634915,-1.5390231523524567,-0.3175965243820891,0.2512314959131354,0.22574189031031797,-0.14666962526474264,-1.316722640721744,0.7656900052956478,0.14080592575968626,0.648216841328003,0.6971888846852362,-0.47540653088994855,1.5174685799661836,0.8525227159935849,0.42346986038253426,0.10514990349180188,0.4571561451704557,0.6854610362173275,-0.18579746351820023,0.614385597711917,0.5715494193202623,-1.8508893320666187,-0.3714805361214701,-0.10585971704901802,-0.3391225993499742,-0.844013594473535,-1.0320009213452102,1
-1.0111941520954937,-0.01849093295907741,-0.98729736682439,-0.8837067449973374,0.2884096269236122,-0.3294758889787523,-0.7202839490781854,-0.9182736864813571,1.4582688883342594,0.31565154547520624,-0.19886774522059342,0.5439856178162608,-0.2886720527385898,-0.3706409708421261,0.23125800683023112,-0.18512965097409248,-0.11489068884466945,-0.4779297509160905,0.7729369561255988,-0.12403798575174153,-0.9766684324414397,-0.41955938420305233,-0.977692013604049,-0.8356043454201989,-0.41889472716432596,-0.6736009672127985,-0.9178212972093984,-1.2330663122564813,-0.12576531384098852,-0.47162412895147166,0
-0.7461719034722978,-0.2817211920351294,-0.7428587678952461,-0.7028593732722676,-0.5045482177126044,-0.49355961247016206,-0.678086202929838,-0.8430391029956036,-1.4356470892066695,-0.024843683547471445,-0.29216778367735646,-0.2923041364495595,-0.2080343519059925,-0.37465310631282817,-0.09144642855481953,0.054462495271321576,-0.3122669841351987,-0.6027889143760958,-0.1830529297501526,-0.13870534552264877,-0.7461541265690559,-0.7054552584219359,-0.7319759536943145,-0.6872495495738342,-0.737777136213233,-0.4816879889723949,-0.7179991563336682,-0.8882295437783272,-1.097050734915198,-0.4231408249817921,0
0.42593680435606274,0.20513831368960433,0.40457873290320956,0.2639992618310161,0.47059448383386876,0.31312348967199494,0.30443209277638134,0.39670685743409023,0.44575734284227186,0.06099544981959037,-0.22527988846019173,-0.5354443786897904,-0.31570665764200384,-0.18889123401932126,-0.7368552993249206,-0.09936340924651929,-0.26344705070218466,-0.4743711873974038,-0.32598279013843884,-0.24137686391899904,0.6450199299239262,0.7542954405309528,0.5215530839325607,0.33281756393530765,0.996943169012823,1.2227272732220806,0.5680080690542523,0.4996412490428994,1.7083610395467164,1.2692647391691152,1
-0.5412577937120949,-0.3143337905047289,-0.5561677991338289,-0.5535928112365011,-0.24069428701498988,-0.5898938347462273,-0.5513720540373795,-0.711815992264638,-0.41595461076793006,-0.49266696039795604,-0.5497719339752573,-0.7859791829677405,-0.48816879237068017,-0.4621176595741338,-0.37171677063367053,-0.6449473727522431,-0.3784584276241319,-0.7141874245262861,-0.1315044555117539,-0.670763821212307,-0.4206032209071808,-0.29679233233259045,-0.4082225618888083,-0.45738487738889216,0.2146183254795037,-0.24037166979881813,-0.16291167395713674,-0.39176030208384693,0.4903251150604508,-0.5178523955272127,0
-0.8499950524174675,-1.0853887971788285,-0.876548487050668,-0.7849154941743889,0.3379694922133749,-0.8556946175965651,-0.7966993518453932,-0.5728444692809868,-0.8791247858334146,0.584614163358664,-0.7055006746347072,1.0211109302500232,-0.7198273895602805,-0.4518867141238435,2.7516378229605567,-0.23935604896959048,-0.5422897379790932,0.6385308730335966,1.2087558746866032,0.3651184626080133,-1.0150874834201702,-1.5110089275445553,-1.0418044684329169,-0.8463472789125218,-0.43165002352628207,-1.092895988978961,-1.1071683246856054,-1.0681248744284657,-1.5779784676800972,-0.6063626132393023,0
-0.7379753390818898,-1.1133424530099139,-0.7270374993561433,-0.6980007871662209,0.6171800008880991,-0.3944411641167537,-0.44061808420389476,-0.7263130216406304,-0.11435542700435965,0.44870220219415136,-0.7188782536781402,-0.10391886548862744,-0.631265752807717,-0.5469743247794832,-0.6714931072161777,-0.24322936311212606,0.26728253238555116,-0.567048559036243,-0.2428022976173871,-0.06426849468529476,-0.8027716753798166,-0.6566847857610677,-0.750832558055746,-0.7251056009277341,0.14659007821573602,-0.3417118563284041,-0.07733373859495872,-0.600815723737125,0.05497550076019851,0.44617609038153244,0
1.8849252658487077,1.6773641874600913,1.9906609039483,1.7477574743275965,1.2803049589905682,3.334936858948184,1.9246320881570533,2.5207716097993202,2.0973719205951586,1.6275596337684601,0.7437370550705272,-0.813620760108737,0.6957604568478,0.7994983391881395,-0.9124092498578273,1.2203300521745266,0.18222203487036093,0.6137756485557764,-0.29552232808847617,0.55212729968708,2.0847233139689894,1.2907706398005048,1.989467208068637,2.0397503299377333,0.7375854763197119,3.1887268918960503,1.8792677999588812,2.6290755869132005,1.8733852615738877,2.5095353058353362,1
-1.2155618242296693,-0.8617595505301472,-1.221056609489639,-1.0084104550525348,-0.3761113837222308,-1.0513329032978613,-0.949046515590143,-0.8667842373183496,0.9699654479551448,0.07387131982464855,-0.4959186029542579,0.3239093666936765,-0.545966913198669,-0.5058499362047867,2.354673724289657,-0.8225664927170883,-0.7274760253510724,-0.3451798596537803,-0.29552232808847617,0.17297604960912905,-1.136410802300372,-0.8282223102923979,-1.1555242978126288,-0.9167731762510836,0.635543105424061,-1.0213244822424408,-1.1022581152795787,-0.9405681686557574,-0.10219042497996401,-0.12040205484553715,0
1.04887569802708,-0.5868819348578092,0.9939209859848022,0.8813096187492769,-0.4389337481740445,0.3650957097823964,0.2355131377489946,0.3447175107063934,-0.32619294893353495,-0.6872356626966284,-0.3923281190794697,-1.1169738646561072,-0.46626144012136184,-0.11707400909375368,-0.9589498683226914,-0.5497745109642265,-0.08643735340825022,-0.3017034966646087,-0.8848151131319847,-0.49622223993851156,0.810828465726869,-0.6365039005220875,0.7362282720473231,0.6806839817819558,-0.23181704718896698,0.0737829084428987,0.7148467122440002,0.5833830488467876,-0.10061876572256256,-0.09221408742130481,1
-0.06312487093828802,-0.5402925084726673,-0.0372301910512454,-0.16490592275276889,0.9661931367315044,0.4523347935391416,0.10118163066929865,0.09276913810293955,0.34881474806112384,-0.18650738472210351,0.041242647866664366,-0.7310481506875434,-0.16701633067322624,-0.11767582941435902,-0.19445176795132033,0.0694024212496732,-0.04330808706251999,0.26565530433643103,0.013768517341913951,-0.4012510854218875,0.00402839517352629,-0.628095198339179,0.005172226034889151,-0.11395205114225032,0.8268725508534056,0.4512751032656067,0.20932896291878508,0.3426253744106088,0.25457622645020656,-0.2433015928151901,1
-0.08771456410951282,0.3099645230561736,-0.1028884554885239,-0.21241209801189176,0.0015208292603332042,-0.0321205439185277,-0.636493009018573,-0.6263335087027518,-0.6852395962711185,0.6117965555915662,-0.4835700684526275,-0.3134314565573276,-0.39401378908637585,-0.37084157761566117,-0.21258892073542182,-0.21113618878825993,-0.19426051927257576,-0.40876984253118065,-0.6563616477572646,-0.06976875459938489,-0.266927016992258,-0.17738876133529177,-0.2538885077306277,-0.3482503149271986,-0.22756528173498083,-0.32461069985153657,-0.6473856686850951,-0.6884455356747653,-1.032612705361731,0.05830965862409525,0
-1.1232138654310715,-0.9922099444085449,-1.1316664422437062,-0.9339121347598195,-0.2155653412342648,-1.0502192128669243,-1.0631013406380974,-1.1583744868016725,-0.3872308789809235,-0.3038208669904209,0.03952757363032681,0.07566335542740146,-0.11248100698875292,-0.3044407355755415,2.5565778779239943,-0.7489735240089126,-0.9296444613466828,-1.4387419009614837,0.5714292841027689,-0.11707098986056065,-0.9099406070573286,-0.7777700971949477,-0.9437501257534716,-0.7772855636047314,0.865138439939275,-0.9693876366460279,-1.258963941180485,-1.5562199361425573,0.04240222670098596,-0.38987902342119835,0
1.043411321766808,0.2773519245865741,1.0295188401977844,0.9271962653063842,0.3030681786290344,0.47089630072142724,0.33224149568216915,0.7216402744821954,1.0956317745232995,-0.26233195252967473,1.1725056141549162,0.11087555560701497,1.1334413879565217,0.9656007476752063,0.3688265996454914,0.0810223636772798,0.14178834767123893,0.739098972474741,0.9920179716387918,0.07580479112686905,1.043364826913923,0.04291923585690665,1.0292308936634171,0.9091844719361266,-0.03623583630563743,-0.14093161176666186,-0.10165096612956659,0.5145951418650223,0.542189870554705,-0.4304696965120928,1
2.464149149437548,1.7705430402303748,2.4178351545040857,2.716775481033568,-0.04664298348605738,1.2003635329852738,1.27534298553062,1.8734042635265564,0.35240521453449924,0.06957936315629516,2.2125266310700096,-0.46044239230721373,2.016261072216286,2.2908090936481083,-0.16810156484988995,0.17121525013917935,0.36941503116259294,0.8443086765054765,-0.5392060244881773,-0.269978215472268,2.960273265221114,1.4639899047684168,2.845266944472081,3.4977198753244205,0.6950678217798576,0.9985121105253717,1.430334368550734,2.16550490942739,0.3095843004592637,0.16260513809375504,1
0.723745310540891,0.02111007946829368,0.6339871267202057,0.5849358662804313,-1.4873692082476324,-0.5809843112987297,-0.45972193489569674,-0.5258540982001839,0.1190248937650703,-1.4197296007622184,0.22612765054385287,1.4700664825400953,0.2599439812496588,0.10038373341829976,-1.1895996980676797,0.059442470597438915,-0.06217714108877692,-0.09329545059196047,-0.6212149607765385,-0.8324714626865588,0.37406451775814187,0.3809490636098224,0.3590961848186864,0.23732482178132577,-1.871297806245749,-0.531724706071378,-0.4112279782047678,-0.45052910087478976,-0.5956914318040772,-1.3623638995572127,0
-0.6177590613559043,0.5033106425545133,-0.626572444132838,-0.6070372584030141,0.134145820880827,-0.4647892763376183,-0.6800207700885016,-0.7165650191291871,-0.4410878760815612,-0.0949456424639045,-0.3470501592401581,-0.5322752806736253,-0.42943844378740126,-0.3373402464352987,0.30243777624708207,-0.025770440538343684,-0.4278773786452811,-0.6176420490627879,-0.9047315690877294,0.024469031928693753,-0.5459706504167227,0.058054899786141645,-0.5912766749974768,-0.5283223429889929,0.7758513654055802,-0.09532852782834805,-0.5884631558127759,-0.628330886529831,-0.7355691057128224,0.08593386669984315,0
0.5898680921642255,0.9132975947437624,0.6577190295288602,0.47750712904673287,0.1159971378169702,0.8569756501129798,1.1072774636217295,0.9743384934326835,1.3074692964524737,-0.06060998911708037,0.06250956839725019,-0.3574467067818443,0.023624245283607712,0.07811638155590314,-0.4394744357516343,0.7544256938866775,0.8411413818190172,0.7514765847136505,1.3434848414460532,0.10843966661713743,0.6086229342598657,0.8787442328379965,0.6201876298231273,0.4641200843970327,0.4144513018168182,1.3399018638969147,2.0228329702112777,1.6495956070641506,3.014409882447473,0.6908476476238686,1
-0.16421583175332174,0.5755242534514831,-0.20612223270617194,-0.27665340319184184,-1.1306777834156723,-0.3886870968902451,-0.5900633972106493,-0.6830718822949978,-0.6313825991704808,-0.5742141370966635,-0.2571802692560702,1.216538641246878,-0.15396514209916423,-0.29782071204888305,-0.507574311299487,-0.08165683030921381,-0.04929826294387137,-0.27601995126887013,-0.023721282104194042,-0.28611231122026604,-0.31747839985900883,0.712251929616411,-0.2976938501702618,-0.394461981219572,-1.3287725343172079,-0.5190571827551799,-0.6118451053652834,-0.7865430725878915,-0.722995831653609,-0.7692890649513652,0
-0.5002749717600546,-0.19320128190335986,-0.5284805791903983,-0.5311893308586192,-0.7670060958668449,-0.6567152606024573,-0.7628444265687822,-0.7383105631931757,-0.7498679927918835,-0.2780691269803025,-1.0052956511465119,-0.5821005439277784,-0.9662151852834651,-0.6495445680879822,-1.1848087520492379,-0.8336331045529042,-0.6279492530824186,-0.9507545384424548,-0.9363635873703829,-0.8922409537530056,-0.6228087523741841,0.28340811828808526,-0.6487167928984539,-0.5946556942352411,-0.5677065180538157,-0.3714805361214701,-0.3855078336970094,-0.44963186730546256,0.12098518957106766,-0.6785238098453372,0
0.7073521817600751,-0.13263502760267493,0.6695849809331874,0.6014010747509224,-0.4961719024523621,-0.21736438559774374,-0.0641029509490132,0.42520101862138565,0.29495775096048615,-1.0391761095015795,0.6380884821121336,0.29221838653202437,0.5629180017189547,0.5162415749565719,-0.2724757459659454,-0.04624367243460303,-0.19096592253783248,0.6710221051607352,0.04774364808994947,-0.10863725799228902,0.7441006403427581,0.08328100633486704,0.6608018546015951,0.626116700551109,-0.6357347653175827,-0.27267385425512364,-0.20733737810690117,0.49216430263183797,-0.1509118619594145,-0.6542821578604974,1
0.52429557704096,-0.30734537654695737,0.5034616612726043,0.40354865165468945,0.10133858611154707,0.18876139155067762,0.0598302576528665,0.2669834393971928,0.1800628238124589,-0.01769042243354946,1.0013412053684279,0.18834239600216468,0.7512280082875638,0.6514505403192323,-0.051065597827952114,-0.34061554726730586,-0.05888254435403367,-0.005104963389726423,-0.20531249817127908,-0.13027161365437712,0.7178139212520479,-0.08993825863304505,0.6114845816563123,0.5800755570125821,-0.014977009035710259,-0.19856884285536391,0.018999893561372803,0.10635386782106704,-0.17920172859264427,-0.12998596376977634,1
1.3330232635612278,1.2673772352708415,1.4210952365405876,1.1890200721322315,-0.34539822776801143,2.1432880978454114,1.4651723879744747,1.2712776468581828,1.7921822703582129,0.11822153873096425,1.9487482135212937,0.7763861390017095,2.7541193405284337,1.2697206163544252,-0.12703631326324502,4.15353551925753,1.9346479889597188,2.2708284870398603,3.8459289544737554,1.4142013702221499,1.561010987469451,1.2386366862664737,2.0155763525690813,1.292860668090518,-0.29984529445273345,3.1000542286826622,2.0953170138240513,2.0159659812061617,2.7723743568076222,1.1226873085631077,1
0.5024380719998721,-0.8990310916382608,0.5311488812160349,0.3501042044881764,-0.05920745637641993,0.6231006596161741,0.3733510478037681,0.5414272024116695,-0.10358402758423231,-0.40682782703089426,-0.2602674028814778,-0.8405580932461412,-0.1362528147486516,-0.16722570247752985,-0.36966350805433834,0.382587536203263,0.13519915420175244,0.44667788333049074,-0.6833074411091545,-0.24504370386172586,0.4832555047503242,-0.643230862268414,0.4751368270428821,0.30212346824295633,0.4994866108965269,1.2214605208904608,1.0262942802834019,1.250326668713469,0.1775649228375263,0.41460556686639194,1
-1.0904276078694393,-0.4401252417446121,-1.0806428512050985,-0.9239250410973903,-1.0622712087903654,-0.8252537458176159,-0.38427381570782065,-0.9507670281861675,0.5498808705701708,0.07816327649300193,-0.1930364928170456,1.227102301300762,-0.0812513771865333,-0.37746160114231964,-0.7662853962953494,0.3134212122294136,0.751887761186881,-0.15363631025664695,0.5972035212219683,0.30204881559311225,-0.9888007643294596,-0.2244774935595787,-0.943460024147911,-0.8340696406355813,-1.5511398675606463,-0.7299714459698808,-0.39111950158961123,-1.178035986671069,-0.05975562503012025,-0.32673797639091745,0
-0.535793417451823,0.044404792660864174,-0.5470705697238445,-0.5465748535277669,0.007105039433827456,-0.4206128892437773,-0.5761586957577555,-0.1919225249876695,0.6037378676708085,-0.35389369478787275,-0.20435598277687356,0.17777873594828064,-0.28587536947271946,-0.2881915869191981,0.20353896200924573,-0.4285951113620423,-0.5578641952706068,-0.046879404696047774,-0.6411314167322832,-0.16547327710455445,-0.39027239118713025,0.42971953627069065,-0.45753983483409116,-0.43385273735808955,0.47397601817261475,-0.32144381902248703,-0.6473856686850951,-0.09701907455980445,-0.37408747651044705,-0.12096581419402236,0
0.6964234292395302,0.5172874704700556,0.7012275180113936,0.5560542710944871,0.02385766995431118,0.5581353844781725,0.5474620920834823,0.28572959807304504,0.3057291503806135,-0.8646365383218882,0.16644306711930604,-0.5375571107005673,0.04040434487883028,0.07189757157631485,-0.39122276513732673,-0.030197085272670055,0.12920897832040082,0.03821667944645889,0.8654898985081779,-0.41225160525006793,0.7360124190840782,0.5407144050850808,0.7420303041585325,0.5732546468587262,1.0437125890066623,0.8141996462746869,1.2381347432291214,0.9991012693018041,3.075704593486137,0.13779972676043084,1
-0.6696706358284888,-1.2461223182075687,-0.7171492065192038,-0.6375383822909737,-1.2304955402668862,-1.11611256336404,-0.8109667846405365,-0.5278536884589414,1.0417747774226618,-0.21082847250943804,0.5108299737758869,0.07566335542740146,0.37087908412918563,-0.0757490137455222,0.38148838555137315,-0.6150675207955402,-0.5240197015409713,1.0454448753877648,1.0201353212233728,-0.6542630414700366,-0.6187646417448437,-1.2688383046767948,-0.6736655309766559,-0.6123900606352662,-1.1969678052436596,-1.0764282086679031,-0.9763696988888776,-0.47236178439508925,0.30644098194445996,-0.9587122060422064,0
-0.5849728037942715,-1.1040245677328853,-0.5668471553977233,-0.5781556632170701,0.5124760601350775,-0.23406974206180126,-0.2853690697211497,-0.5313529714117672,-0.487763940235447,-0.31097412810434283,-0.5123833156230985,-0.8726011954095895,-0.5002877531894521,-0.4360387790145702,-0.48977936894527435,-0.6233674796724021,-0.282016595934374,-0.9349730828378444,-0.7289981341840988,-0.501355815858329,-0.5277721525846923,-0.8584936381508679,-0.5233928992963226,-0.5290044340043786,0.750340772681668,-0.24923893612015682,0.13497436334181065,-0.7328585973564703,-0.2499263951757178,-0.049368376936471885,0
-0.6778672002188968,-0.5076799100030678,-0.6997458111261898,-0.6564328838144884,0.1383339785109472,-0.7818198190110662,-0.6218628448811804,-0.4088780680628659,-1.0586481095022058,-0.23658021251955638,-0.575841062367588,-0.8090431740853873,-0.5496958242198295,-0.4763607404951263,-0.004867189792976792,-0.9313512870631586,-0.3850476210936185,0.022744664147821145,-0.17953826105207973,-0.7767354955571114,-0.6794263011849448,-0.7424535480267325,-0.6817883759323496,-0.6331938366045267,0.023288880050159128,-0.9560867371640198,-0.580045653973873,-0.06860667819777096,-0.5249667652210037,-0.7281346325119856,0
-0.8117444185955628,3.3639014226022317,-0.853607647668968,-0.7468565696770233,-1.2535304072325517,-1.2582937083803523,-1.0223545198587476,-1.0576451275167598,0.12261536023844576,-0.6185643560029792,-0.6485602099883004,0.7429345488310769,-0.6676226352640325,-0.5245063661435514,-0.8761349442896244,-1.0359861019707979,-0.8809443314312957,-1.2817009456803123,-0.15727869263095326,-0.460287208499789,-0.810859896638497,2.6866152021632907,-0.8552691360575224,-0.7194783500508032,-1.3525824208595263,-1.1787184594462041,-1.1829258412357302,-1.2631236368289482,0.007825723038150361,-0.6097451693302104,0
0.021572961095928843,0.7409167171187374,0.0553242299025076,-0.09094744536072547,0.5613378991531547,0.22031595376056423,0.6865091066124206,0.3159734007367534,0.41344314458188886,-0.39824391369418843,-0.7212793576090127,1.1020989906631342,-0.47838040094013373,-0.46271947989473916,-0.2758978502648324,0.016282684437756746,0.4137423326845933,0.1635400033654232,-0.7020523408322086,-0.01219936749857432,-0.21839768944017757,1.4236281342904578,-0.10506638407809675,-0.28055278165017944,0.2656395109273292,0.11621911155216276,0.6886589287451916,0.3246807030240612,-0.326937698788398,-0.021180409512239554,1
1.7510480474720422,2.32029827157505,1.88782265844413,1.623593607173071,1.5385746795146884,3.21985551441801,3.1663823831241804,2.580759317562047,2.1045528535419105,1.0810504846648357,1.0737173381418728,0.6513828283640818,1.3287431026898067,0.8949871633908495,-0.1359337844403514,1.9944395500898486,1.1541280716196287,0.7638541969525606,0.32071625030692247,0.878476054589765,1.894650114390006,2.2897244591300168,2.2244495085726332,1.5827493496293914,1.4136161835033954,3.8835405457895247,3.0984026496266295,2.2507420985134914,1.85609700974247,2.261481192502093,1
-1.1789505032858467,0.007133251552750551,-1.124151339687632,-0.985737053224317,0.3309892294965076,-0.12177262360896993,-0.3383278456895628,-0.4613673123552522,0.4816620075760303,0.08817784205249252,-0.7981146833969353,-0.005324704985709612,-0.6494441940358747,-0.598530265578005,0.7319118657574092,-0.1978562545852808,-0.07026387852860132,-0.09020104753223308,-0.5169464560670509,-0.08040259043329274,-1.1343887469857021,0.1724132494736951,-1.0357123347161468,-0.9065418110202998,1.0267055271907213,-0.1567660159119097,-0.054887067024551255,-0.25418448812031624,-0.44638380235092207,0.057182139927126396,0
-1.0057297758352217,0.19116148577406203,-0.9386469660666477,-0.88883525255372,1.1476799673700744,0.49688241077662815,-0.2993946816214601,-0.4516193098438091,0.39908127868838605,2.1769300873176523,-0.2722729225358407,1.1179444807439605,-0.4103277748039534,-0.4352363519204298,1.69762969890334,0.6603594932822423,0.3975688578049445,0.5781900133689101,0.27736866969736035,1.1010532391132817,-1.0535065343989007,-0.5137368486516256,-1.0241082704937272,-0.8840328075125754,-0.07450172539150564,-0.3170101858618176,-0.6857320659512075,-0.7944686357836166,-0.8220103648699119,0.35935715071489693,0
-0.7352431509517539,-0.21416652377667372,-0.755120251013051,-0.6912527509078229,-0.1611192920426934,-0.8096620797844954,-0.7634489788058645,-0.7013181434061607,0.08312022903131186,-0.4669152203878377,-0.0695511478007417,-0.6727719593902831,-0.11061655147817265,-0.2932067562575757,-0.1845276654845477,-0.8236731539006699,-0.604587567145148,-0.3911317450907337,0.28322645086081444,-0.8537391343543742,-0.6875145224436248,-0.5625073213124938,-0.7195015846552132,-0.6546797035891726,-0.5719582835078012,-0.9503863516717306,-0.9123031571150065,-0.7334567530693552,-0.2609280099775289,-1.0720278350876202,0
-0.9893366470544055,0.19814989973183278,-0.878921677331533,-0.877768473089947,-0.3509824379415057,1.1595282171842447,1.6743474620049645,0.26648354183250345,1.3541453606063596,3.1326057721376026,-1.0341088983169828,0.010520785095116662,-0.2602391062022405,-0.6896458621176496,0.5406162354496219,2.8161354788991795,3.619983973177941,2.705592116931576,-0.5075740062055238,3.0840802801399336,-1.116190249153672,-0.5019646655955539,-0.9112587459306967,-0.9224004271280146,-0.7420289016672186,0.6773903944597457,1.5285385566712661,0.4787057990919272,-0.4856752837859629,2.035977453108234,0
-0.6669384476983529,0.18883201445480458,-0.6435803078123741,-0.657782491066168,0.9173312977134273,0.19618599442359205,-0.2550205474196162,-0.2841536256728626,0.6540043982980707,0.2755932832372439,0.304678050568113,0.8239226092441879,0.4682968845570055,-0.06551806829523175,0.8602407769656744,-0.08221016090100478,0.2705771291202944,-0.028312986337682637,1.5777960879842279,0.46632324502727296,-0.6167425864301738,0.06814534240563204,-0.55153275503569,-0.594996739742934,0.17210067093964934,-0.4164502438939739,-0.3766226928670566,-0.5293361160473776,0.41174215219036997,-0.226388812360651,0
-0.9811400826639975,-0.09769295781381876,-0.9133329364040825,-0.8559048356127372,0.07830371914588158,0.2073228987329638,-0.31015571144152576,-0.5580974911226497,0.39908127868838605,0.3299580677030482,0.12871143391987977,-0.049339955210226306,0.2371044012450503,-0.29100008174868947,0.18848170309414272,0.5685066150449702,0.027076479543359233,0.3012409395232976,1.7031526048821513,-0.1728069569900079,-0.9079185517426582,-0.48178378035657365,-0.8599107617464902,-0.7980893395739918,-0.4444053198882381,-0.021856892594398165,-0.39532825250906267,-0.5267939542676167,0.05340384150279705,-0.4518925517545089,0
-0.5057393480203266,1.7449188557185469,-0.4438367925061964,-0.5023077356726753,0.5334168482856825,0.5896899466880591,0.2294676153781712,-0.07819582902083272,0.4744810746292784,0.9680289590648716,-0.026331277045035302,1.028153370285946,-0.13019333433926575,-0.1437547099739227,0.7456002829529575,0.71458589127774,0.14957557631699567,0.2331640722092921,-0.2017978294732062,0.6903671655278801,-0.14560369811205615,2.276270535637364,-0.18049280152382385,-0.21132054358854258,1.987604519791428,1.3658702866951211,0.7779779760357709,0.4697334633986536,0.4856101372882464,2.064165420532466,1
1.6226352053556476,2.0687153690952838,1.5357994334490845,1.612796749159634,0.14252213614106837,-0.00242213242686975,0.6586997037066327,1.2287863538595842,-0.21129802178550766,-1.0406067617243644,1.2092082028125395,2.1795923161593067,1.0635243063097612,1.152165047062854,-0.3936182381465477,-0.07225021024877029,0.20558372080763154,0.7855150183706534,-0.1783667048193889,-0.4734878322936054,1.4801287748826502,2.092960828049961,1.3657487561135848,1.429278871167635,-0.6442382962255538,-0.39744895891967646,0.21213479686508596,0.7224542520925307,-0.5249667652210037,-0.9874639328149232,1
-1.2185672311728193,-0.9386321040656315,-1.130875378816751,-0.9806085456679345,0.7986668315266701,1.0463030233722985,3.8845904407780005,0.7453854088049418,2.6467132910216637,4.342937552613167,1.4115869627003712,2.5334749279644226,0.5368156245708311,0.16538032804367372,1.3862182077046168,3.891256818748694,10.883072229316538,6.356987727410043,1.7523579666551674,9.552385939110005,-1.0818153088042812,-1.06198423097725,-1.0699443241722844,-0.8736309195279452,-0.10851584902338889,0.14092078201874944,2.5507973911069004,0.6372170630064299,0.3174425967462719,2.368595468714176,0
-0.11230425728073713,-0.8338058946990622,-0.1582628953753846,-0.20944296205819654,-0.5296771634933295,-0.6747199225692749,-0.9548502170661334,-0.9700880690614127,-1.4571898880469243,-0.5899513115472922,-0.1944085522061157,-1.3058873186197333,-0.31990168254080964,-0.24606416447682605,-0.16673272313033494,-0.7733200700477075,-0.7456262582715673,-0.9354372432968036,-0.964480936954964,-0.44928668867160854,-0.22244180006951753,-1.3966505778570018,-0.29073141163680977,-0.3175562192348473,-1.043904248900184,-0.9364520760239124,-1.1268559262088167,-1.2167665690803675,-1.6455598157483673,-0.8899335655270797,0
0.10900298126028217,0.7711998442690794,0.15895353883363342,-0.017258889419017726,-0.769798200953592,0.5469984801688009,0.16175776482494916,-0.284653523237552,-1.2812570308515083,-0.16218629693476996,-0.6434149872792878,-0.20603424600950623,-0.3250289351949053,-0.4426588025412287,-0.916173564586603,1.1539303811596313,0.9926928316172082,0.6741165082204632,-0.48297132531901577,0.22614522877866766,-0.17997863846144668,0.24640982868328873,-0.0586501271884182,-0.27168559845016677,-1.239485459783514,0.39363787217690466,0.42116942586450434,-0.05963434250449716,-1.018467772045116,-0.21680490343641182,0
2.8521198639168652,0.5196169417893131,2.89247321067718,3.1783411611079995,0.5054957974182093,1.9873714375142078,1.7106205962299048,2.458284414213146,0.6468234653513187,0.6847598189535699,1.9844217576371146,-0.5715368838738943,1.9244366383202072,1.9718443237272918,-0.6605423734597389,0.36432762667416696,0.09206988785602209,0.6601916944516893,-0.20062627324051538,0.3559513627511963,2.73986923592208,0.18923065383951201,2.836563896305266,2.982741158708304,0.10407242367588286,1.037781432805586,0.8869378609504565,1.9890489741263402,0.3944539003589513,0.7229819304874936,1
-0.2871642976094433,0.3192824083332018,-0.2527949748965259,-0.34170447272279986,-0.6287968940728569,0.09966615707570402,0.2294676153781712,-0.3411419480474533,-0.8934866517269173,-0.34387912922838315,-0.33538765443306284,-0.7687252048797298,-0.2840109139621392,-0.2849818785426364,0.1285948778636191,0.3460677171450705,0.4047570688625661,0.12950156970842058,-0.5731811552362126,-0.20507514848600386,-0.31747839985900883,-0.05798519033799313,-0.20370092996866293,-0.34739770115796664,0.14233831276175107,0.6330540628530518,0.814921456328733,0.05401524294363683,-0.5391116985376186,-0.12096581419402236,0
-0.44016683289706166,-0.22581388037295938,-0.4960469786852371,-0.4709968474337079,-0.8256403026885365,-1.139128832270075,-1.059921395871044,-1.145377150119748,-0.4087736778211792,-0.5799367459878016,-0.48391308329989513,0.22003337616381685,-0.559484215650376,-0.3842822314425132,-0.18350103419488173,-0.969863096251798,-0.9217673800627056,-1.3582874214085685,0.6100906397815677,-0.6505962015273097,-0.5803455907661131,-0.45823941424443076,-0.6487167928984539,-0.5605511434659618,-1.1884642743356886,-1.195249577373843,-1.2652349800504674,-1.5808639515134157,-0.6302679354669128,-1.1035983586027598,0
-0.13962613858209744,-0.7080144434591791,-0.18239032989751688,-0.23751479289313268,-0.2085850785173965,-0.5750446290003982,-0.8705756352168552,-0.7485584632693083,-0.6457444650639845,-0.15074107915249457,-0.7144190606636626,-1.3115212706484716,-0.7216918450708608,-0.48859775368076763,-1.0578486825605278,-1.0130228824114798,-0.7654836913182471,-1.0251749320289014,-1.1671601652104846,-0.7672017117060218,-0.10516259181865564,-0.9425806599799513,-0.183393817579429,-0.20364701966545473,-0.22756528173498083,-0.6241976262796253,-0.7273519361546712,-0.4104526681115004,-0.15719849898902122,-0.34195947880000327,0
2.5461147933416295,1.1415857840309582,2.481120228660498,2.92461499779223,0.7777260433760652,0.45975939641205577,1.7082023872815757,2.3058156569828805,-0.04972703048359463,-1.0792343717395418,2.0444493559089287,-0.5291061826574601,1.6503616782649053,2.457312715682245,-0.21464218331475404,-0.3223556377382098,0.09536448459076534,0.20222004161201718,-0.6692487663168643,-0.24614375584454387,2.891523384522333,0.8282920197405463,2.740830366470305,3.43292122886279,0.8396278472153617,0.08138342243261752,0.962227738509531,1.4118287111923964,-0.4919619208155696,-0.36676489013332747,1
0.12266392191096256,-0.5868819348578092,0.07272762529552097,0.006764119660879549,-0.6525297873102078,-0.6784322240057322,-0.4546436961042051,-0.5208551225532899,-1.4428280221534215,-1.2952628573799791,-0.6605657296426632,-0.38561646692553514,-0.6760126850616438,-0.43383210450568405,-1.1581163385179187,-0.6421807197932892,-0.4383601864376461,-0.8600885287924386,-0.9328489186723102,-0.9424766609683627,0.018182782376216573,-0.0613486712111564,-0.055749111132813466,-0.10542591344993052,-0.7462806671212041,-0.3037092863798095,-0.151688338171933,-0.5414487692332971,-0.7088508983369946,-1.0105780661027934,0
1.174556352013337,-0.4308073564675839,1.144223037106282,1.0918483500112985,0.3798510685145838,0.522868520831829,0.7203640318890316,1.076817494194009,0.07593929608455996,0.6246724255966264,1.3011361818802327,-0.31695267657528897,0.8994522213786961,1.0865666321168745,0.360955759758051,0.3654342878577485,0.3508454859304035,0.6230588577349592,-0.5075740062055238,0.5374599399161727,1.2900555753036669,-0.49187422297606403,1.116261375331564,1.205894063628856,0.4016960054548621,0.3417010265804919,0.36084399601903455,0.7747928769699608,-0.6224096391799047,0.5955723177299637,1
-0.451095585417606,-0.3026864339084433,-0.5122637789378177,-0.46316912537396615,-1.4936514446928142,-1.4298020347446765,-1.067974031668981,-1.0822650825777123,-1.0155625118216964,-1.5384737352533195,-0.2122453242640262,-0.4794569804042051,-0.27608697804217286,-0.26692726892447693,-0.3888272921281058,-1.1532921874304465,-0.9537279634776562,-1.2510663553890098,-0.008491051079212518,-1.0015127840462643,-0.5358603738433724,-0.8114049059265809,-0.6121639905978324,-0.5237182286351402,-1.6506311791839052,-1.3407360826603798,-1.2745784070916495,-1.4675433517073684,-1.057759253480157,-1.6166193657237882,0
-0.18607333679441007,-0.11166978572936105,-0.16894225163927962,-0.2844811252515836,0.7079234162073841,0.2073228987329638,-0.044999100257211266,0.1265122237194735,-0.01741283222321162,-0.25947064808410614,-0.683890739256854,0.18834239600216468,-0.6564359022005509,-0.44767397187960634,-0.5055210487201549,-0.3301022660232808,0.012101039839980671,0.30433534258302497,-0.8613839884781671,-0.48595508809887644,-0.31747839985900883,0.234637645627217,-0.3072672031537579,-0.37110036394261564,0.4697242527186298,0.012978796525147074,0.31641829186926995,0.46076112770538,-0.37723079502525,-0.3960803762545294,0
-0.8008156660750189,0.13758364543114865,-0.7377168556200376,-0.7271523038025007,-1.0860041020277174,0.2704320231527368,0.038912750249817586,0.17825162166482567,2.815465215270328,-0.03915020577531442,0.25253979378345115,1.1971719311480908,-0.02065657309267412,-0.13894014740908014,3.0185619582737484,3.1586471152176814,1.4482457073939838,3.58440258589419,1.6023987688707364,1.0002151406882946,-0.9119626623719986,-0.584369946988056,-0.8602008633520508,-0.7762624270816529,-1.230981928875543,-0.4474856760186597,-0.5683546791976193,-0.31923392189655075,0.07697873036382157,-0.7777454551786348,0
-1.0576413503078064,-0.7033555008206641,-1.0703590266546812,-0.913937947434961,-0.09899495386256817,-0.9947203063918886,-0.9600493663050415,-1.0811153181789268,0.26623401917347955,-0.08493107690441393,-0.6948672143694143,-0.4542802572757815,-0.7296157809908269,-0.5744574527537925,0.057072898016879356,-1.0119715542870775,-0.674373116162892,-0.9605019080805964,-0.5743527114689037,-0.43388596091215603,-1.0353080365668705,-0.6785474114366292,-1.0676235113278005,-0.8661279183587038,-0.13827820720128717,-1.0547667437972041,-1.0863116256847685,-1.3559873112543317,-0.3536559061642255,-0.5578793092696227,0
1.2073426095749697,0.20513831368960433,1.1758655741844881,1.1620279270986391,-0.09480679623244699,0.0569746905564459,0.7191549274148668,0.7138918622295101,-0.4087736778211792,-0.803118492742161,1.5090031793243444,1.098577770645173,1.2634871598194963,1.0418313216185462,1.3109319131291008,0.09319563669667737,0.5443281668980543,1.1460129748289087,0.28439800709350527,0.15684195386113123,0.9988796099911819,0.24472808824670741,0.9276953317172459,0.8699642385514555,0.08706536185994065,-0.2739406065867435,0.3201594037976713,0.5160905311472345,-0.8880200536807806,-0.5454766036029606,1
1.1663597876229297,-0.19786022454187396,1.1363124028367302,1.1107428515348132,0.20813660567962827,0.032844731219473955,0.5317437339193415,0.9798373666442668,1.1530792380973125,-0.34101782478281356,0.9835044333105173,0.4401096272864011,0.8672903638211862,0.7822461566641206,-0.1533865163646754,-0.5005280882948456,-0.13705433960566962,0.38633702366580425,0.3746078370107024,-0.012566051492846888,1.3264525709677273,0.3153611865831372,1.2845203065566475,1.211009746244248,0.34217128909906674,-0.29167513922942107,0.18501173538417695,0.7433897020435029,1.2400065808410299,0.10735672194226001,1
-0.6286878138764482,0.41944967506125785,-0.6321098881215241,-0.6199934880191386,0.13763595223926067,-0.41448759187362294,-0.7734845459414313,-0.6738237773482441,0.7473565266058423,0.042396970923393014,-0.4743086675764048,-0.03877629515634225,-0.46206641522255626,-0.44285940931476375,1.0183419955742565,0.2763480625794305,-0.4892766814291332,-0.37550500963910993,0.2433935389493248,-0.5563584149992309,-0.6713380799262645,0.23631938606379893,-0.6623515683597968,-0.6308065180506771,0.4612207218106587,-0.22960427498004957,-0.7469927737787776,-0.47639933545706253,0.26557784125201767,-0.5849397579968855,0
-0.7789581610339306,0.44041491693457174,-0.7867627880912572,-0.7206741889944387,-0.5701626872511643,-0.7012628778399441,-0.4617774125017767,-0.743809436404759,-1.1627716372301058,0.3843228521688545,-0.6125436510252117,-0.4206526061042506,-0.617282336478365,-0.5054487226577165,0.7507334394012879,-0.5514345027395988,-0.24577603185219793,-0.8150649642734032,-0.5649802616073767,-0.48118819617333164,-0.6794263011849448,0.5625770307606424,-0.6942627449714509,-0.638991610235304,1.621952690748681,-0.22390388948776047,0.1677090927153214,-0.4741562515337439,-0.12105033606878415,0.24998783710887496,0
1.6362961460063281,1.071701644453245,2.0302140752960582,1.569609317105886,2.2924430529364423,4.489462605686383,3.456567456923704,2.7907162947315918,3.9321002884902154,2.691964887520021,1.7792988789711428,1.1619597309684773,2.669752728674675,1.5004184059197958,1.1843140540702797,2.3690443607322167,2.290164927517926,2.2012044181959913,6.847456022627769,0.8058726237237743,1.415423004813209,0.9947843229621314,1.809604212621134,1.2451142970135272,1.366846763509555,2.289332736445974,2.3006105308950686,2.0383968204393463,3.9825519850068796,0.888163419593495,1
0.20736175394517942,-0.13962344156044648,0.21630563728788244,0.07019566048982195,-1.0036370019686738,0.2444459130975362,0.01182881002852867,-0.3281446113655291,-0.24002175357251423,0.3328193721486178,0.030952202448639023,1.2042143711840134,0.1629922946994839,-0.04365192997990542,-0.3864318191188848,1.2856230620058404,0.6108191191810551,0.5518875873612262,1.5297622824439019,2.0456312083597044,-0.024280379231854277,-0.0563034499014118,-0.023837934521159794,-0.1417472600192128,-1.3627866579490917,-0.018056635599538757,-0.12222708173577339,-0.45516480764964795,-0.08490217314854621,0.4675989456239485,0
-1.1368748060817517,0.4450738595730858,-1.1542117499119282,-0.9614441226940839,-1.0182955536740959,-1.1955558141042248,-1.0525458585786396,-1.0895135972657084,-0.64933493153736,0.2555641521182628,-0.7816499707280947,0.20418788608299057,-0.8097873679457792,-0.6019405807281017,-0.4090177074915395,-1.0977377960146506,-0.9153578918696597,-1.2649911691577838,-0.7090816782283539,-0.5053893397953285,-1.063616810972251,0.5272604815924278,-1.1024357039950594,-0.8807928751894938,-0.8143089143849707,-1.1654808975807769,-1.2335711439664618,-1.3263786034665284,-0.8754467796215676,-0.18467062057278694,0
0.7893178256641555,1.8124735239770027,0.7447360064939277,0.7217860416007451,0.22488923620011197,0.13864532215850506,0.1351574663933261,0.3889584451814049,-0.06408889637709841,0.029521100918334833,1.7703804929421878,-0.1285674056143569,1.4587888745527813,1.4763455930955829,0.6230889490528002,-0.18512965097409248,-0.16251258710141317,0.4451306818006268,-0.006147938613830869,0.23017875271566704,1.3325187369117377,1.4606264238952542,1.2816192905010426,1.2877449854751262,1.2010279108041237,-0.06682660036690195,-0.057225261979802024,0.6132908344910334,0.16341998952091144,0.37852496856337453,1
-0.2816999213491713,0.27269298194806,-0.32873706388422114,-0.336845886616753,-1.5641520981331818,-0.9425624712096644,-0.8647719337408647,-0.9045265034523987,-0.35132621424716504,-0.5327252226359174,-0.3062313924153244,0.4365884072684397,-0.2774853196751081,-0.3116625794228053,0.3020955658171933,-0.2775358598031553,-0.5758347229146612,-0.9498262175245364,0.041885866926494944,-0.39905098145625145,-0.37814005929910993,0.44653694063650756,-0.3664479306880975,-0.4169709847272964,-0.8483230380168545,-0.5722607806832125,-0.9313360640507479,-1.0847236954610222,-0.3442259506198158,-0.5409665288150837,0
-1.3027186255810093,1.982524930282771,-1.3096557133086166,-1.058615844815017,-1.0141073960439757,-0.9989894530438145,-1.0824107390905071,-1.2184621740773374,-0.24720268651926613,-0.2880836925397931,0.4271343510426143,2.9965153603263395,0.3247338102423235,-0.25067812026813346,1.5983886742356148,-0.791026648985013,-0.9774760157592739,-1.8106891487407308,1.1173744885367152,-0.17060685302437184,-1.188984240481793,1.4185829129807124,-1.201650453096747,-0.9587217736972968,-1.0396524834461984,-1.1614272901195934,-1.2913245593611555,-1.712039499349078,-0.6774177131889619,-0.8002958291180204,0
2.748296714971696,0.19349095709331868,2.9201604306206104,2.9624040008392596,3.4162653503522065,3.3999021340861857,4.07804715664435,3.8105073266979526,3.0308932036728784,0.8821898256978098,3.759523592246484,3.33631309205961,3.209512598987668,3.8394933853391167,5.615939121129034,4.012989548942668,2.8502463724242832,1.0083120386710345,2.92508575557873,2.2315399934559528,1.9512676632007673,-0.3052010345154989,2.117111914515253,2.01246668932231,1.609197394386725,1.0732504980909412,1.4223845057028817,1.6495956070641506,0.4966117520900575,-0.2139861066939889,1
0.29752396223966876,0.7083041186491378,0.2590230623434609,0.12714908651070223,-0.3621508582884952,0.030988580501245283,-0.4325170842269914,-0.4028792972865933,-0.3010596836199038,0.08102458093857152,-0.7120179567327899,-1.2842318155092711,-0.7352091475225678,-0.44285940931476375,-1.241957893840652,-0.6410740586097076,-0.446147415083403,-0.8809757494455993,-1.0289165297529619,-0.445253164734609,0.2891381945420009,0.37422210186349586,0.1705301412043682,0.13688691976579848,-0.07024995993752067,0.4747100214005737,0.4062049781508993,0.12130776064318995,0.422743766992181,0.7799216246844427,1
-1.4516228786734233,-0.903690034276775,-1.4093297051049662,-1.1404020442668021,-0.8954429298572175,-0.49281715218287037,-0.5115925168373615,-0.6233341233146154,0.4278050104753926,0.5159428566650158,0.42919244012621954,-0.044058125183284474,0.6319028556104255,-0.22921319549987726,1.3725297905090685,0.19113515144364793,-0.014854751626100659,0.5193963552340873,0.9217245976773395,0.1410745421074058,-1.2919068559984976,-1.3630157691253686,-1.2373329505806872,-1.0074912812973662,-1.2862548797773534,-0.8243444946755578,-0.8498265879107062,-0.9999351231595851,-0.7418557427424287,-0.539839010118114,0
-0.6805993883490333,-0.06042141670570513,-0.7135894210979055,-0.6607516270198633,-0.5317712423083901,-0.9466460027897674,-0.8910095008302383,-0.9315209719456261,0.4493478093156473,-0.1893686891676721,-0.8674036825449726,0.3608821768822705,-0.8447459087691596,-0.6083599974812252,-0.29266616132937917,-0.9088860650364523,-0.665387852340865,-0.6289366202307932,0.35000515612419425,-0.7804023354998384,-0.7603085137717461,0.12532451724940877,-0.783323937878521,-0.6986745740815428,-0.40188766534838377,-0.9263180573709536,-0.9211882979449596,-0.853536512431002,0.9131014553014906,-0.8064971819513516,0
-0.7980834779448829,-1.493046278048821,-0.7598666315747822,-0.748206176928703,1.9504101798099065,0.14050147287673373,-0.12721820450040955,0.16875356793572727,0.7437660601324668,0.9351239579408304,-0.5377664143208943,-0.42118078910694473,-0.5184661944176099,-0.5128711732785154,-0.09726400586292744,-0.42970177254562386,-0.3482080394233072,-0.009746567979317772,0.0676601040456943,-0.025033307298118063,-0.7138012415343353,-0.8870832255727559,-0.6669931940487646,-0.7106111668507905,1.243545565343978,-0.07632724285405065,-0.240539746471462,0.2588835746067206,0.6867825222356551,0.46590766757849444,0
-0.8991744387599161,-1.493046278048821,-0.9366693074992598,-0.8008408597442084,-1.4385073692295562,-1.2315651380378603,-1.0450494108388186,-1.0537959162686514,-1.3243426285320188,-0.740169794939649,-0.4499546134204115,-0.816261675122208,-0.5189323082952548,-0.46271947989473916,-0.26597374779806005,-1.073557249153393,-0.9225161520478746,-1.2574098816614514,-0.4841428815517066,-0.41225160525006793,-0.810859896638497,-1.2789287472962851,-0.8660028954632607,-0.7210130548354207,-0.6229794689556266,-1.0894757576835872,-1.2046242904204572,-1.1209121160905595,-0.26407132849233267,-0.39664413560301387,0
-0.041267365897200176,-0.789545939633177,-0.10249292377504612,-0.14115283512320728,-0.780268595028894,-0.8274811266794901,-0.6551132179207091,-0.48261295885455135,-0.3477357477737896,-0.5184187004080744,-0.08155666745510459,-0.3151920665663081,-0.1292611065839755,-0.1778578614748904,0.3616401806178285,-0.6964071177887871,-0.4958658748986197,-0.41109064482597624,-0.05301018792146586,-0.3517487461950757,-0.14358164279738617,-0.7105004797316812,-0.19499788180184832,-0.2435493440655114,-0.5209370980599763,-0.8218109900123182,-0.7689718063581348,-0.597525867316258,-0.2845028988385534,-0.6508996017695893,0
-1.0248550927461741,-0.9106784482345461,-1.0185443721891183,-0.9012516392691725,0.6660418399061763,-0.4883623904591219,-1.0020899288717475,-0.9145244547461867,-0.08204122874397764,0.2713013265688905,-0.760383050197509,-0.5674874808532389,-0.7986006348822975,-0.5967248046161892,-0.13901367830934988,-0.9669304441153066,-0.8931043884704392,-1.041420548092471,-0.6423029729649741,-0.35504890214352974,-0.9807125430707797,-1.0098502774432179,-0.9994496340210857,-0.8482230292048323,0.09982065822189672,-0.8845152304274995,-1.1679146296230203,-1.0444977237695114,-0.4573854171527331,-0.06740867608798061,0
0.19370081329449954,0.7362577744802232,0.38480214722933065,0.05804919522470532,0.25909252351276596,2.208253372983413,2.2220717888015646,1.2087904512720087,0.826346789020111,0.9122335223762815,-0.5487428894334546,-0.6164324391029015,0.25388450084027286,-0.34937665284740493,0.015665436000345673,2.024872732638342,1.3964306860202937,1.6457590689749022,-0.6458176416630468,0.7314357728864204,-0.004059826085153667,0.29686204178073894,0.5070480036545362,-0.1025270266345417,0.4314583636327604,2.875839065985953,2.9263115009201734,1.9890489741263402,-0.06289894354492317,1.7822857462901438,1
-0.5112037242805986,-1.6258261432464756,-0.53480908660604,-0.5382072885673532,0.4915352719844736,-0.6259031586798623,-0.6003407852410491,-0.293651679401961,0.5319285382032916,-0.436871523709366,-0.6070554134689315,-0.9849281139825566,-0.5832560234102747,-0.48498683175713575,0.38525270028014913,-0.7600401358447285,-0.4734027153435519,0.1093879498201915,-0.14790624276942627,-0.5651588308617753,-0.5803455907661131,-1.709454299061192,-0.6078124665144249,-0.5861295565429212,0.28689833819725635,-0.8129437236909794,-0.7105169324768656,-0.30771942442351624,-0.12419365458358707,-0.9119201801179802,0
1.1253769656708885,-0.18388339662633166,1.0374294744673356,1.0189695584205987,-0.689525179709609,-0.3498935468792669,-0.09469329414537968,0.23474004647472702,-0.6816491297977431,-1.1951172017850744,-0.5326211916118817,-1.3192679546879864,-0.5147372833964493,-0.2544896489653004,-1.3870551161134634,-0.9049574178347378,-0.5545695985358636,-0.7711244408252725,-1.1495868217201217,-0.9908789482123566,0.9988796099911819,0.09337144895435684,0.9073882193280112,0.8819008313207033,-0.35511824535454445,-0.06619322420109211,0.3631821909742853,0.6372170630064299,0.4714652039716315,-0.8177723689210448,1
0.8822122220887818,1.4420875842151237,0.8752614719415285,0.7679426096081884,0.3379694922133749,0.20546674801473513,0.9513029864544854,0.43044994305062434,-1.8054651359643814,-0.5641995715371739,0.40003617810848086,0.7781467490106904,0.39418477801143914,0.33950700747214463,8.285180474260947,3.3207729786123843,3.329460442932397,4.265171259034243,0.14615437163598236,3.216086518078098,0.3437336880380917,0.3809490636098224,0.3619972008742915,0.2185673188582222,-0.3168523562686757,-0.47915448430915536,0.019467532552422905,-0.06860667819777096,-2.0479045856431854,-0.8854234907392019,1
3.5597565896220993,0.5825126674092547,3.5490558550499607,4.282319892981933,0.9522326112977678,1.630990499614313,2.388928206236291,3.47557595835606,-0.03895563106346729,-0.7015421849244714,1.4513766849834022,0.45067328734028517,1.3511165688167701,1.7471647373679742,-0.7830537073598962,-0.009170522784619745,-0.04630317500319568,0.1093879498201915,-0.5567793679785406,-0.38218351771970815,3.38692693661649,1.1848209922958604,3.274617320701606,3.961541765786618,0.6568019326939882,0.9402415032708594,1.205867652846661,2.307566891237558,-0.07861553611893951,-0.17283167425460924,1
1.037946945506535,-2.0940498784171524,1.2035527941279187,0.9110009782862287,1.5804562558158972,3.2309924187273813,2.5461117878776993,2.458284414213146,2.1835431159561796,2.30425813514546,2.3394421245589885,-0.562909894829889,2.6417858960159717,2.2426634679996833,-0.17802566731666228,1.3005629879841918,0.631784734765785,0.6447196791530514,1.1162029323040246,0.8814095265439462,1.821856123061885,-1.4252401652788904,2.2244495085726332,1.920384402245256,1.2945667507918035,2.600953810024451,2.0377974179248826,2.2567236556423405,2.663929868046909,1.9739639247749234,1
0.4150080518355188,-1.2670875600808826,0.38084683009455506,0.26507894763236,-0.07945021825533732,-0.1653921654873425,-0.21971469677400768,0.26448395157374593,0.018491832510546834,-0.7687828393953359,-0.34739317408742576,-0.7210126736363535,-0.44248963236146327,-0.2741491127717407,-0.5825183954451137,-0.5746743875948122,-0.47490025931388974,0.1511623911265131,-0.44665308210559856,-0.5350907433314156,0.22847653510189977,-1.1023460014552098,0.18503522148239268,0.05111397458106109,-0.40188766534838377,-0.38034780244280897,-0.4921295236564443,0.3426253744106088,-0.28764621735335716,-0.7427923755725869,0
-0.4702209023285579,-0.47972625417198317,-0.47152401244962705,-0.4950198565136052,-0.45219624733609365,-0.505438977066825,-0.6460449343644741,-0.6263335087027518,-1.0227434447684474,-0.30668217143598947,-0.8910717070064307,-0.7817537189461867,-0.7776255103882693,-0.5957217707485135,-1.0687994163169663,-0.6543539928126867,-0.5743371789443233,-0.7127949431494089,-0.6024700610534844,-0.8244044148125598,-0.4671104931445913,-0.24634011923514024,-0.43810302726153877,-0.4868853138043188,-0.17654409628715656,-0.027557278086687457,-0.3429526855114455,-0.1373945851795362,0.2027114709559523,-0.4101743599666456,0
-0.6423487545271286,-0.15592974079524624,-0.5711980042459767,-0.6016388293962956,1.0569365520507894,0.8922425137593238,0.3902785104420738,0.07677241603287895,1.75986807209783,2.2012511751049866,0.23847618504548324,-0.34336182670999893,0.2580795257390785,-0.012156666534893973,-0.4682201118622856,0.4761004062159072,0.28195846329486207,-0.19541075156296858,0.26096688243968796,0.6885337455565168,0.09097677370433763,0.38935776579273085,0.33298704031824256,-0.007034284480559851,1.358343232601585,2.042949407945918,1.9615722623837077,0.5998323309511226,2.915395349231171,3.174771337047219,1
1.4641682938077578,0.894661824189706,1.4448271393492422,1.3779650873673792,0.3658905430808481,0.5247246715500574,1.1616871649591398,1.333514893662012,0.6396425324045669,-0.5384478315270546,0.6782212192424326,2.836299849509098,1.147424804285874,0.5716090444522606,1.4786150237745674,0.8540252004090203,1.259555167131414,3.5132313155204575,0.8408872176216694,0.8986436742747622,0.8997988995723506,0.7795215470796781,0.9886166688849486,0.716493760089699,-0.2828382326367924,-0.08582788534119935,0.4992651373698799,1.0170459406883516,-0.5186801281913971,-0.44343616152723936,1
-0.9401572607119568,-1.0248225428781441,-0.9536771711787955,-0.8318818265328397,-1.2444560657006227,-0.9678061209775737,-0.8102413219560376,-1.021627507980889,-1.47873268688718,-0.8188556671927888,-0.5504579636697922,0.024605665166962068,-0.5198645360505451,-0.47876802177754757,-0.1273785236931338,-0.42748845017846077,-0.3730672693309156,-0.9423996501811904,-0.4443099696402169,-0.5240902235032351,-0.8937641645399683,-0.8551301572777046,-0.874125740418954,-0.7701236079431828,-1.0268971870842423,-0.8401788988208055,-0.8351427235917315,-1.201663137330023,-0.9524580832342474,-0.9130476988149498,0
-0.6887959527394413,0.15156047334669095,-0.6787826303118787,-0.6674996632782614,0.407772119382056,-0.16706270113374813,-0.5745868599413414,-0.6793226505598274,0.172881890865708,0.2870385010195183,-0.7075587637183123,-0.6171366831064936,-0.7123695675179593,-0.5269136474259727,-0.570883240828898,-0.4573683021351636,-0.4263798346749433,-0.9909817782189124,-0.7043954532975905,-0.4100515012844317,-0.6106764204861638,0.5053978559168656,-0.6069421616977434,-0.5835717152352253,0.9884396381048519,0.2625290058542527,-0.001576222044833992,-0.4977834021926983,0.4714652039716315,0.3165114402300632,0
2.20732346520476,0.07002897717269296,2.3901479345606558,2.2822019459927283,2.5716535616111664,3.216143212981552,4.073210738747691,3.3381041280664765,2.6754370228086697,1.113955485788875,2.751059941280002,0.563352327915048,3.3227782712554204,2.5756707120679567,-0.13832925744957236,3.383299335484744,2.1374154425434644,2.0263706453213866,1.2439025616673292,0.4575228291647284,2.432516828092235,0.37085862099033257,2.8684750729169206,2.501866992861467,1.630456221656652,2.816935082565631,3.201750866648713,2.639543311888686,1.805803913505618,0.7895055336086818,1
-0.7816903491640665,-1.2135097197379692,-0.8140544763212101,-0.7204042675441027,-0.13738639880534237,-1.2029804169771394,-1.0644313555596785,-1.1351542449218501,0.5139762058364123,-0.6285789215624698,-0.6019101907599189,0.09679067553516957,-0.6321979805630071,-0.49180746205732934,0.5156348740677462,-0.915083367664509,-0.9329390580814261,-1.2950068788371407,0.3605491622184121,-0.7928695913051095,-0.8432127816732176,-1.1460712528063335,-0.8863100078524946,-0.7414757852969882,-0.248824109004908,-1.1493931429692053,-1.2681530473546205,-1.5459017500952925,-0.2326381433443,-1.1289675292845693,0
-1.3076365642152543,0.5429116549818835,-1.2962076350503788,-1.0588857662653528,0.6032194754543635,-0.7784787477182546,-0.834907053228997,-0.9042765546700542,0.768899325446098,0.48732981220932786,0.05907941992457507,2.9102454698862865,-0.07565801065479244,-0.3297171890409647,2.6763515283850414,-0.4866948235000757,-0.5680474942689043,-0.4686465417369081,1.16423673784435,0.2936150837248408,-1.116190249153672,0.9140607820062111,-1.1369577950567575,-0.9096112205895348,0.8863972672092022,-0.859180183795103,-1.0041474549572567,-1.1482777399550446,-0.05346898800051354,-0.04767709889101782,0
0.1855042489040911,-0.6288124186044368,0.24794817436608863,0.05130115896630719,1.4268904760447985,1.1391105592837294,0.9609758222478031,1.011830810784388,1.2428408999317087,0.726248733414316,0.04673088542294451,-0.48614729843833165,0.031548181203573875,-0.008545744611262094,0.022509644598119827,0.005216072601940914,-0.07565503682181758,0.15580399571610445,-0.5251473496958871,0.03473618376832872,0.49336578132367376,0.26322723304910567,0.556365276599819,0.34475415670455534,2.383018707012073,1.2227272732220806,0.9084492545387635,1.3191145756952343,1.06712406252685,1.2749023326539617,1
0.10627079313014619,0.5033106425545133,0.19929777360834627,-0.050459227810336696,0.6730221026230436,1.5456075665757967,0.6405631365941624,0.9768379812561306,1.583935214902414,0.9494304801686743,-0.543597666724442,-0.4257583751302946,-0.3781659172464435,-0.41236717973742787,-0.8443093743099745,0.27745472376301206,-0.17449293886411604,0.28112731963506876,-0.6985376721341359,-0.02870014724084487,0.2527411988779404,1.2453636480128003,0.4200175219863894,0.006948581334844518,0.882145501755216,2.592719919868922,1.298927812065641,2.327006951906318,2.134280698302559,2.458796964471719,1
1.7182617899104093,0.48700434331971354,1.5872185562011702,1.7342614018108002,-0.8521653010126357,-0.3721673554980104,0.010861526449196964,0.28672939320242397,-1.2345809666976226,-1.549918953035595,0.9413136070966135,-0.32399511661121166,1.036023587528702,0.840422120989301,0.3558226033097206,0.32061450992269386,0.2975329205863757,0.7746846076616071,-0.8309235264282046,0.05270369948769002,1.5872977065601612,0.06141838065930551,1.5601168318391125,1.4616781943984503,-0.3806288380784566,-0.1510656304196204,0.18547937437522732,0.44879801344768133,-1.0499009571931488,-0.7112218520574465,1
-0.10137550476019272,1.192834153054614,-0.0016323368382636521,-0.18245081702460403,1.4268904760447985,1.1985073822670453,0.5583440323509642,0.47094164579046505,1.6665159437900583,1.3972246259001788,0.21309308634768753,0.5334219577623767,0.02455647303889796,-0.051274987374239446,0.9447667531481846,0.7206725277874386,0.06361655241960286,0.6895885235191006,0.4495874359029184,1.1754900899506355,-0.07280970678393474,1.1999566562250947,-0.055749111132813466,-0.17875069760388088,2.025870408877297,0.8971719239957855,0.28976286937941137,0.5624475988958157,1.1708535735153578,1.9401383638658445,1
-0.12323300980128106,-0.3399579750165569,-0.16815118821232405,-0.2118722551112198,-1.1390540986759146,-0.7382002771326938,-0.7340677400836627,-0.8862802423412359,-1.213038167857368,-0.9733661072534988,-0.55903333485148,-0.8233041151581307,-0.6284690695418466,-0.4039416952489535,-1.3966370081503474,-0.5320679320269209,-0.4443503623189975,-0.9089800971361333,-0.8449822012204949,-0.6648968773039442,-0.20828741286682725,-0.5625073213124938,-0.31132862563160474,-0.2846453277424929,-1.472907383207314,-0.45951982316904794,-0.5599371773587164,-0.8119646903855003,-0.8738751203641661,-0.7749266584362119,0
1.7428514830816337,-0.3725705734861564,1.6030398247402737,1.7882456918779852,-0.7691001746819055,-0.46200505026027544,-0.031698951041399734,0.5354284316353967,0.0041299666170430535,-0.8488993638712605,0.44771524187866496,-0.8646784503691765,0.22218875716040803,0.6514505403192323,-0.5797807120060043,-0.6892138200955068,-0.42038965879359186,0.2625609012767037,-0.7746888272590428,-0.09433658221565451,1.7429959657897538,-0.4027419798372354,1.4759873662265712,1.8129550673220265,-0.33811118353860287,-0.4329180242050317,-0.16150875698398617,1.0693845655657819,-0.24521141740351254,0.2894509915028005,1
-0.7243143984312099,-1.1482845227987706,-0.7009324062666226,-0.7033992161729395,0.2849194955651776,0.15720682934079125,-0.2678370548457619,-0.5700950326751951,0.025672765457297728,0.7462778645332971,-0.4616171182275069,0.9559683599177384,-0.6028328062713677,-0.41617870843459487,1.7900265149732906,0.862325159285882,0.6856963176979479,0.5008299368757222,-0.24631696631545955,0.6316977264442516,-0.8310804497851972,-1.030031162682198,-0.8454056814684657,-0.741816830804681,0.11682772003783894,-0.2733072304209337,-0.45097729244403084,-0.6775291939146154,-0.9068799647696003,-0.14351618813340805,0
0.4122758637053824,0.21911514160514664,0.34920429301634887,0.27830509869882025,0.014783328422382294,-0.2884549581058998,-0.28524815927373326,0.07852205750929184,-0.6924205292178703,-1.0177163261598146,-0.14775853297773417,-0.13208862563231824,-0.2401962094635024,-0.012557880081964245,-0.7847647595093397,-0.16078310493529752,-0.3922358321512402,-0.2995374145227994,-0.589582942493885,-0.49842234390414764,0.7562329722307781,1.1797757709861152,0.6201876298231273,0.6414637483972847,0.41019953636283324,0.631787310521432,0.06576379266638813,0.5923553845400612,0.8345184924314089,0.1366722080634612,1
-0.3663977533833887,0.4660391014463997,-0.3852980989115152,-0.402166877598047,-1.4133784234488311,-0.37810703779634197,-0.3417133382172239,-0.7518077974397893,-0.8288582552061523,-0.20939782028665324,0.2961026793864252,1.0087866601871587,-0.17214358332732208,-0.007342103970051419,-0.31080331411348067,1.0659508170648948,0.572481993540406,0.2641081028065673,0.724903150585273,1.4453695097353276,-0.3983606124458102,0.2026845773321657,-0.47262511832323695,-0.4212340535734563,-1.6042869357354637,-0.3885816925983378,-0.4318040938109746,-0.8744719623819741,-0.6569861428427407,-0.1339322792091689,0
0.5680105871231367,0.3122939943754311,0.5746573696985688,0.40543810180704104,1.4757523150628757,0.5265808222682858,0.7046456737248905,0.903103090464445,0.4924334069961576,0.023798492027197644,0.08411950377510329,0.012281395104097143,0.1625261808218389,0.05625024324057666,-0.07604695920982776,-0.2603826114576406,-0.004671452627803244,0.34301538082961897,-0.6024700610534844,-0.36678278996025565,0.5884023811131658,0.7694311044601877,0.6346927101011518,0.3890900727046184,1.1585102562642693,0.25176161103548433,0.3907728914462444,0.6551617343929775,0.3095843004592637,-0.10630807113342097,1
-0.8499950524174675,-0.12564661364490418,-0.754329187586096,-0.8148767751616764,1.803824662755676,2.0764666719891816,0.9597667177736382,0.37296172311134423,1.3828690923933662,2.417279660745424,-0.6914370658967393,-0.34864365673694114,-0.5604164434056662,-0.5539955618532117,0.16623802515137678,1.1041306278984597,0.3966703314227417,0.26101369974683997,-0.36581570204992847,0.2367790646125752,-0.6329190289475339,1.1797757709861152,-0.4688537974509503,-0.6560438856199436,3.6840589359316156,4.325637109524844,2.6377782434422286,2.0623230489547426,1.9613981799883793,3.1804089305320664,1
-0.5057393480203266,-1.6537797990775611,-0.5312493011847417,-0.5263307447525726,-0.39984427695958286,-0.7510077170884711,-0.7247576356325948,-0.5568477472109262,-0.43749740960818573,-0.6471774004586661,-1.0166151411063398,-1.284055754508373,-1.0021059538621355,-0.6550010723281371,-1.1081536157541676,-0.9056214145448866,-0.7159449367794709,-0.9225954705989343,-1.0792934477586693,-0.8885741138102788,-0.558102982304743,-1.0989825205820465,-0.6005599263754127,-0.5591869614351908,-0.10851584902338889,-0.3011757817165698,-0.4537831263903317,-0.11197296738192737,0.3205859152610748,-0.44907375501208596,0
-0.530329041191551,0.7152925326069094,-0.5613097114090373,-0.5317291737592911,-0.9659435832975851,-0.9564836015963791,-0.875170232218681,-0.9032767595406752,-0.9581150482476823,-0.40682782703089426,-0.6485602099883004,-0.15145533573110548,-0.6266046140312663,-0.4727498185714944,-0.6239258574616474,-0.7462068710499586,-0.6956382405416895,-1.106557732499735,-0.5181180122997416,-0.5097895477266007,-0.444867884683221,1.0401913147498363,-0.44042384010602265,-0.46028376420428097,-0.26157940536686525,-0.47218734648524624,-0.7161286003694676,-0.7647103890675919,0.3048693226870585,-0.10461679308796691,0
1.6362961460063281,0.03974585002235007,1.638637678953256,1.5831053896226823,1.2244628572556238,0.842126444367151,1.4966091043027563,1.92839299564239,-0.31183108304003115,-0.2966676058764989,0.06902685049533275,-0.3944195169704387,0.04040434487883028,0.21834051625694137,0.7418359682241815,0.08932232255414177,0.6835997561394749,1.1444657732990449,0.4695038918586632,0.07910494707532296,1.1444675926474246,-0.12357306736467832,1.1046573111091442,0.9995615314747166,1.477392665313177,0.24859473020643474,1.1909032051330561,1.5374414108982286,0.1979964931837479,-0.1767779896940018,1
-1.2360532352056899,-0.20484863849964552,-1.2214521412031163,-1.010569826655222,-0.4396317744457311,-0.7601028556077914,-0.7259667401067594,-0.8400397176074671,1.533668684275152,0.21836719432587004,-0.12134638973813588,0.22003337616381685,-0.1642196474073559,-0.3786652417835303,0.19909022642069255,-0.3123956870859753,-0.16460914865988618,-0.28158987677637987,-0.10573021839255498,0.04537001960223641,-1.0575506450282408,-0.031077343352686405,-1.0745859498612524,-0.8656163500971646,-0.35511824535454445,-0.6381319019274434,-0.6941495677901103,-0.7310641302178154,0.4211721077347796,0.07634995777560398,0
-0.524864664931279,2.4693844360075046,-0.5913701216333335,-0.5346983097129863,-1.3100705352391826,-1.2909619610211756,-1.0824107390905071,-1.2184621740773374,-0.3944118119276754,-0.429718262595444,0.11156069155650421,4.264154566792424,-0.017393775949158568,-0.12991284260000038,0.1436521367787221,-0.9568598273447142,-0.9774760157592739,-1.8106891487407308,1.2778776924153648,-0.23954344394763571,-0.5904558673394635,2.0593260193183274,-0.6626416699653574,-0.5694183266659745,-1.5957834048274933,-1.2846189543696214,-1.2913245593611555,-1.712039499349078,-0.7811472241774695,-0.9277054418755504,0
-0.09317894036978479,-0.9759036451737452,-0.1337399291397751,-0.20539414030315764,-0.04175679958424967,-0.49467330290109907,-0.5408528451121467,-0.2909022427961694,1.0740889756830438,-0.5827980504333703,-0.5662366466440977,-0.5379092327023635,-0.5086778029870633,-0.44526669059718504,-0.918569037595824,-0.5602877922082515,-0.5410917028028229,-0.19695795309283226,-0.6118425109150115,-0.8053368471103804,-0.2810814041949483,-0.6835926327463744,-0.27709663617546676,-0.3799675471426283,-0.5634547525998307,-0.5228574397500393,-0.6104421883921329,-0.21769698963433617,0.07697873036382157,-0.8324301119816454,0
-0.4729530904586939,-1.5233294051991635,-0.535600150032995,-0.5025776571230112,-1.5383251260807702,-1.1712402396954302,-0.9956816751586747,-0.9312710231632813,-0.7103728615847495,-0.35389369478787275,-0.29285381337189137,0.45947633738518834,-0.37909814500173356,-0.34115177513246564,1.1877361583691666,-0.8579796505916991,-0.7853111734855204,-0.5891735409132948,0.9592143971234476,0.3783190864018296,-0.6430293055208843,-1.5883689876273122,-0.7160203653884876,-0.6118784923737272,-1.588555403555718,-1.2045602070112487,-1.2130417922593602,-1.3112751717161841,-0.9838912683822801,-0.7670340275574268,0
